Date,AAPL
2016-12-01,109.489998
2016-11-30,110.519997
2016-11-29,111.459999
2016-11-28,111.57
2016-11-25,111.790001
2016-11-23,111.230003
2016-11-22,111.800003
2016-11-21,111.730003
2016-11-18,110.059998
2016-11-17,109.949997
2016-11-16,109.989998
2016-11-15,107.110001
2016-11-14,105.709999
2016-11-11,108.43
2016-11-10,107.790001
2016-11-09,110.879997
2016-11-08,111.059998
2016-11-07,110.410004
2016-11-04,108.839996
2016-11-03,109.830002
2016-11-02,111.019995
2016-11-01,110.920507
2016-10-31,112.960039
2016-10-28,113.13912
2016-10-27,113.89524
2016-10-26,114.999563
2016-10-25,117.645979
2016-10-24,117.049045
2016-10-21,116.004406
2016-10-20,116.462055
2016-10-19,116.521754
2016-10-18,116.869965
2016-10-17,116.949558
2016-10-14,117.029143
2016-10-13,116.38247
2016-10-12,116.740624
2016-10-11,115.705943
2016-10-10,115.45722
2016-10-07,113.477379
2016-10-06,113.308249
2016-10-05,112.472544
2016-10-04,112.422796
2016-10-03,111.945245
2016-09-30,112.472544
2016-09-29,111.606985
2016-09-28,113.36794
2016-09-27,112.512333
2016-09-26,112.303406
2016-09-23,112.134277
2016-09-22,114.034524
2016-09-21,112.96999
2016-09-20,112.989884
2016-09-19,112.999835
2016-09-16,114.332987
2016-09-15,114.979668
2016-09-14,111.199076
2016-09-13,107.398588
2016-09-12,104.901415
2016-09-09,102.603209
2016-09-08,104.981001
2016-09-07,107.806498
2016-09-06,107.149865
2016-09-02,107.179719
2016-09-01,106.184827
2016-08-31,105.55804
2016-08-30,105.458552
2016-08-29,106.274363
2016-08-26,106.393753
2016-08-25,107.020532
2016-08-24,107.478182
2016-08-23,108.293993
2016-08-22,107.955733
2016-08-19,108.80139
2016-08-18,108.522821
2016-08-17,108.662106
2016-08-16,108.821284
2016-08-15,108.92078
2016-08-12,107.627417
2016-08-11,107.378694
2016-08-10,107.448336
2016-08-09,108.254196
2016-08-08,107.816449
2016-08-05,106.930996
2016-08-04,105.329219
2016-08-03,104.68254
2016-08-02,103.386256
2016-08-01,104.93982
2016-07-29,103.119078
2016-07-28,103.247715
2016-07-27,101.872267
2016-07-26,95.65801
2016-07-25,96.320994
2016-07-22,97.627183
2016-07-21,98.389119
2016-07-20,98.91357
2016-07-19,98.824515
2016-07-18,98.784933
2016-07-15,97.745922
2016-07-14,97.755819
2016-07-13,95.855921
2016-07-12,96.400159
2016-07-11,95.96477
2016-07-08,95.667907
2016-07-07,94.935656
2016-07-06,94.529945
2016-07-05,93.995597
2016-07-01,94.886177
2016-06-30,94.599212
2016-06-29,93.411777
2016-06-28,92.610251
2016-06-27,91.076482
2016-06-24,92.422245
2016-06-23,95.093977
2016-06-22,94.549739
2016-06-21,94.905971
2016-06-20,94.104446
2016-06-17,94.332041
2016-06-16,96.528803
2016-06-15,96.123091
2016-06-14,96.439741
2016-06-13,96.320994
2016-06-10,97.795402
2016-06-09,98.606817
2016-06-08,97.904251
2016-06-07,97.993305
2016-06-06,97.597491
2016-06-03,96.894924
2016-06-02,96.697021
2016-06-01,97.429272
2016-05-31,98.814618
2016-05-27,99.299486
2016-05-26,99.358863
2016-05-25,98.577132
2016-05-24,96.875137
2016-05-23,95.420524
2016-05-20,94.223192
2016-05-19,93.213866
2016-05-18,93.570098
2016-05-17,92.511299
2016-05-16,92.897216
2016-05-13,89.57239
2016-05-12,89.394274
2016-05-11,91.541563
2016-05-10,92.442033
2016-05-09,91.81863
2016-05-06,91.749363
2016-05-05,92.263917
2016-05-04,92.639944
2016-05-03,93.613649
2016-05-02,92.098992
2016-04-29,92.197345
2016-04-28,93.269411
2016-04-27,96.210203
2016-04-26,102.632739
2016-04-25,103.350729
2016-04-22,103.940854
2016-04-21,104.226082
2016-04-20,105.366989
2016-04-19,105.150615
2016-04-18,105.711235
2016-04-15,108.042227
2016-04-14,110.2552
2016-04-13,110.19619
2016-04-12,108.622522
2016-04-11,107.225885
2016-04-08,106.871816
2016-04-07,106.753788
2016-04-06,109.133961
2016-04-05,108.002885
2016-04-04,109.291332
2016-04-01,108.179923
2016-03-31,107.19638
2016-03-30,107.756999
2016-03-29,105.90794
2016-03-28,103.45892
2016-03-24,103.931016
2016-03-23,104.383445
2016-03-22,104.96374
2016-03-21,104.167072
2016-03-18,104.176902
2016-03-17,104.058882
2016-03-16,104.226082
2016-03-15,102.858958
2016-03-14,100.832853
2016-03-11,100.577138
2016-03-10,99.505072
2016-03-09,99.455899
2016-03-08,99.367376
2016-03-07,100.193556
2016-03-04,101.314795
2016-03-03,99.829643
2016-03-02,99.091985
2016-03-01,98.875604
2016-02-29,95.098802
2016-02-26,95.315183
2016-02-25,95.16765
2016-02-24,94.518507
2016-02-23,93.131715
2016-02-22,95.28567
2016-02-19,94.459497
2016-02-18,94.675878
2016-02-17,96.505269
2016-02-16,95.049622
2016-02-12,92.44323
2016-02-11,92.158002
2016-02-10,92.718621
2016-02-09,93.426774
2016-02-08,93.446449
2016-02-05,92.472736
2016-02-04,95.010279
2016-02-03,94.252947
2016-02-02,92.423652
2016-02-01,94.331208
2016-01-29,95.221398
2016-01-28,92.042134
2016-01-27,91.386718
2016-01-26,97.813722
2016-01-25,97.275697
2016-01-22,99.212599
2016-01-21,94.20404
2016-01-20,94.683373
2016-01-19,94.556205
2016-01-15,95.015969
2016-01-14,97.35395
2016-01-13,95.270312
2016-01-12,97.784376
2016-01-11,96.3855
2016-01-08,94.849671
2016-01-07,94.350769
2016-01-06,98.508268
2016-01-05,100.474523
2016-01-04,103.057063
2015-12-31,102.969025
2015-12-30,104.984187
2015-12-29,106.373279
2015-12-28,104.495069
2015-12-24,105.678733
2015-12-23,106.246111
2015-12-22,104.896149
2015-12-21,104.993971
2015-12-18,103.722263
2015-12-17,106.608061
2015-12-16,108.916689
2015-12-15,108.08519
2015-12-14,110.031884
2015-12-11,110.716645
2015-12-10,113.641566
2015-12-09,113.103541
2015-12-08,115.656735
2015-12-07,115.705642
2015-12-04,116.439319
2015-12-03,112.692677
2015-12-02,113.749172
2015-12-01,114.786099
2015-11-30,115.725211
2015-11-27,115.245871
2015-11-25,115.461084
2015-11-24,116.292582
2015-11-23,115.187179
2015-11-20,116.703446
2015-11-19,116.19476
2015-11-18,114.737192
2015-11-17,111.215547
2015-11-16,111.69488
2015-11-13,109.894924
2015-11-12,113.201363
2015-11-11,113.582874
2015-11-10,114.228505
2015-11-09,117.945802
2015-11-06,118.425135
2015-11-05,118.288182
2015-11-04,118.835996
2015-11-03,119.391213
2015-11-02,118.037263
2015-10-30,116.400832
2015-10-29,117.404119
2015-10-28,116.176794
2015-10-27,111.579211
2015-10-26,112.290275
2015-10-23,115.991727
2015-10-22,112.50457
2015-10-21,110.809698
2015-10-20,110.819433
2015-10-19,108.832346
2015-10-16,108.160239
2015-10-15,108.958972
2015-10-14,107.351763
2015-10-13,108.890788
2015-10-12,108.705713
2015-10-09,109.212231
2015-10-08,106.660177
2015-10-07,107.90698
2015-10-06,108.423233
2015-10-05,107.90698
2015-10-02,107.517352
2015-10-01,106.738104
2015-09-30,107.439432
2015-09-29,106.231586
2015-09-28,109.523932
2015-09-25,111.735057
2015-09-24,112.017537
2015-09-23,111.355172
2015-09-22,110.459034
2015-09-21,112.22209
2015-09-18,110.507733
2015-09-17,110.965545
2015-09-16,113.390973
2015-09-15,113.26434
2015-09-14,112.319495
2015-09-11,111.248025
2015-09-10,109.650558
2015-09-09,107.293321
2015-09-08,109.397299
2015-09-04,106.436139
2015-09-03,107.507617
2015-09-02,109.426519
2015-09-01,104.926341
2015-08-31,109.835633
2015-08-28,110.351886
2015-08-27,109.991479
2015-08-26,106.845252
2015-08-25,101.049557
2015-08-24,100.445641
2015-08-21,103.017174
2015-08-20,109.728485
2015-08-19,112.02728
2015-08-18,113.478636
2015-08-17,114.121522
2015-08-14,112.952639
2015-08-13,112.163649
2015-08-12,112.251311
2015-08-11,110.546696
2015-08-10,116.615128
2015-08-07,112.524048
2015-08-06,112.144163
2015-08-05,111.900655
2015-08-04,111.163699
2015-08-03,114.848472
2015-07-31,117.621747
2015-07-30,118.659301
2015-07-29,119.260495
2015-07-28,119.638669
2015-07-27,119.047165
2015-07-24,120.724709
2015-07-23,121.364699
2015-07-22,121.422877
2015-07-21,126.785186
2015-07-20,128.065166
2015-07-17,125.689447
2015-07-16,124.613106
2015-07-15,122.974358
2015-07-14,121.80105
2015-07-13,121.849537
2015-07-10,119.541702
2015-07-09,116.429042
2015-07-08,118.853233
2015-07-07,121.878626
2015-07-06,122.179223
2015-07-02,122.605883
2015-07-01,122.761028
2015-06-30,121.626508
2015-06-29,120.753798
2015-06-26,122.906481
2015-06-25,123.633738
2015-06-24,124.225241
2015-06-23,123.177989
2015-06-22,123.740403
2015-06-19,122.761028
2015-06-18,124.002212
2015-06-17,123.439806
2015-06-16,123.730704
2015-06-15,123.071324
2015-06-12,123.313743
2015-06-11,124.690682
2015-06-10,124.971896
2015-06-09,123.556162
2015-06-08,123.924644
2015-06-05,124.74886
2015-06-04,125.437337
2015-06-03,126.174285
2015-06-02,126.019148
2015-06-01,126.581548
2015-05-29,126.329437
2015-05-28,127.783952
2015-05-27,128.036062
2015-05-26,125.689447
2015-05-22,128.5209
2015-05-21,127.405778
2015-05-20,126.116107
2015-05-19,126.125813
2015-05-18,126.24217
2015-05-15,124.865231
2015-05-14,125.039766
2015-05-13,122.188922
2015-05-12,122.053168
2015-05-11,122.489519
2015-05-08,123.750102
2015-05-07,121.461665
2015-05-06,120.71501
2015-05-05,121.477868
2015-05-04,124.278227
2015-05-01,124.519637
2015-04-30,120.850199
2015-04-29,124.22029
2015-04-28,126.074323
2015-04-27,128.092513
2015-04-24,125.803944
2015-04-23,125.214901
2015-04-22,124.200973
2015-04-21,122.549733
2015-04-20,123.216021
2015-04-17,120.463941
2015-04-16,121.835152
2015-04-15,122.424194
2015-04-14,121.96069
2015-04-13,122.491789
2015-04-10,122.7332
2015-04-09,122.211752
2015-04-08,121.284735
2015-04-07,121.680653
2015-04-06,122.97461
2015-04-02,121.014357
2015-04-01,119.981119
2015-03-31,120.154935
2015-03-30,122.028285
2015-03-27,119.015476
2015-03-26,119.971461
2015-03-25,119.141007
2015-03-24,122.33729
2015-03-23,122.839421
2015-03-20,121.574431
2015-03-19,123.119458
2015-03-18,124.056133
2015-03-17,122.675263
2015-03-16,120.657066
2015-03-13,119.343791
2015-03-12,120.174245
2015-03-11,118.040175
2015-03-10,120.232188
2015-03-09,122.771826
2015-03-06,122.250378
2015-03-05,122.066911
2015-03-04,124.12372
2015-03-03,124.915554
2015-03-02,124.654827
2015-02-27,124.046482
2015-02-26,125.939133
2015-02-25,124.365131
2015-02-24,127.629008
2015-02-23,128.430494
2015-02-20,125.050744
2015-02-19,124.036816
2015-02-18,124.297544
2015-02-17,123.438122
2015-02-13,122.71389
2015-02-12,122.115189
2015-02-11,120.589471
2015-02-10,117.827732
2015-02-09,115.606758
2015-02-06,114.8439
2015-02-05,115.819201
2015-02-04,114.998404
2015-02-03,114.123128
2015-02-02,114.103887
2015-01-30,112.689978
2015-01-29,114.363589
2015-01-28,110.910555
2015-01-27,104.975962
2015-01-26,108.784875
2015-01-23,108.669458
2015-01-22,108.111585
2015-01-21,105.370323
2015-01-20,104.571988
2015-01-16,101.946143
2015-01-15,102.744478
2015-01-14,105.610785
2015-01-13,106.014759
2015-01-12,105.081766
2015-01-09,107.736465
2015-01-08,107.621041
2015-01-07,103.638996
2015-01-06,102.205846
2015-01-05,102.196226
2015-01-02,105.158716
2014-12-31,106.16865
2014-12-30,108.227002
2014-12-29,109.563976
2014-12-26,109.640918
2014-12-24,107.736465
2014-12-23,108.246243
2014-12-22,108.630983
2014-12-19,107.515237
2014-12-18,108.352047
2014-12-17,105.235665
2014-12-16,102.677149
2014-12-15,104.100685
2014-12-12,105.543456
2014-12-11,107.361346
2014-12-10,107.67875
2014-12-09,109.765963
2014-12-08,108.111585
2014-12-05,110.612385
2014-12-04,111.083688
2014-12-03,111.506903
2014-12-02,110.256499
2014-12-01,110.679714
2014-11-28,114.392444
2014-11-26,114.459773
2014-11-25,113.113186
2014-11-24,114.103887
2014-11-21,112.026301
2014-11-20,111.872402
2014-11-19,110.294974
2014-11-18,111.064454
2014-11-17,109.640918
2014-11-14,109.823671
2014-11-13,108.515559
2014-11-12,107.00546
2014-11-11,105.514594
2014-11-10,104.677792
2014-11-07,104.850925
2014-11-06,104.552747
2014-11-05,104.254575
2014-11-04,104.005573
2014-11-03,104.771731
2014-10-31,103.430958
2014-10-30,102.454113
2014-10-29,102.798876
2014-10-28,102.224261
2014-10-27,100.663223
2014-10-24,100.768569
2014-10-23,100.395069
2014-10-22,98.632909
2014-10-21,98.134911
2014-10-20,95.539561
2014-10-17,93.537976
2014-10-16,92.187632
2014-10-15,93.413479
2014-10-14,94.572288
2014-10-13,95.587441
2014-10-10,96.468525
2014-10-09,96.74625
2014-10-08,96.535564
2014-10-07,94.572288
2014-10-06,95.405484
2014-10-03,95.405484
2014-10-02,95.673637
2014-10-01,94.984097
2014-09-30,96.487676
2014-09-29,95.874752
2014-09-26,96.487676
2014-09-25,93.72952
2014-09-24,97.44537
2014-09-23,98.297717
2014-09-22,96.784559
2014-09-19,96.688791
2014-09-18,97.483679
2014-09-17,97.282564
2014-09-16,96.593023
2014-09-15,97.330444
2014-09-12,97.359181
2014-09-11,97.138908
2014-09-10,96.727099
2014-09-09,93.844438
2014-09-08,94.198788
2014-09-05,94.782982
2014-09-04,93.968943
2014-09-03,94.754252
2014-09-02,98.929799
2014-08-29,98.16364
2014-08-28,97.924217
2014-08-27,97.809291
2014-08-26,96.621752
2014-08-25,97.244255
2014-08-22,97.033561
2014-08-21,96.32487
2014-08-20,96.315291
2014-08-19,96.276982
2014-08-18,94.964946
2014-08-15,93.834867
2014-08-14,93.37517
2014-08-13,93.126168
2014-08-12,91.909899
2014-08-11,91.92905
2014-08-08,90.731933
2014-08-07,90.482937
2014-08-06,90.49251
2014-08-05,90.644987
2014-08-04,91.092869
2014-08-01,91.607465
2014-07-31,91.1024
2014-07-30,93.532436
2014-07-29,93.751611
2014-07-28,94.361501
2014-07-25,93.075015
2014-07-24,92.465125
2014-07-23,92.617601
2014-07-22,90.263804
2014-07-21,89.520501
2014-07-18,89.987446
2014-07-17,88.710484
2014-07-16,90.320978
2014-07-15,90.835574
2014-07-14,91.91241
2014-07-11,90.74028
2014-07-10,90.568748
2014-07-09,90.902281
2014-07-08,90.864162
2014-07-07,91.454996
2014-07-03,89.606263
2014-07-02,89.082143
2014-07-01,89.120254
2014-06-30,88.558015
2014-06-27,87.652712
2014-06-26,86.62352
2014-06-25,86.108924
2014-06-24,86.032685
2014-06-23,86.556813
2014-06-20,86.633051
2014-06-19,87.538354
2014-06-18,87.843299
2014-06-17,87.748006
2014-06-16,87.862355
2014-06-13,86.985639
2014-06-12,87.948125
2014-06-11,89.444262
2014-06-10,89.815914
2014-06-09,89.291786
2014-06-06,87.885505
2014-06-05,88.127822
2014-06-04,87.783398
2014-06-03,86.792325
2014-06-02,85.582077
2014-05-30,86.17427
2014-05-29,86.498271
2014-05-28,84.950404
2014-05-27,85.170947
2014-05-23,83.605376
2014-05-22,82.671478
2014-05-21,82.540792
2014-05-20,82.322976
2014-05-19,82.306639
2014-05-16,81.342794
2014-05-15,80.159766
2014-05-14,80.847254
2014-05-13,80.832284
2014-05-12,80.705676
2014-05-09,79.713243
2014-05-08,80.046776
2014-05-07,80.189716
2014-05-06,80.471313
2014-05-05,81.358046
2014-05-02,80.223567
2014-05-01,80.074649
2014-04-30,79.886464
2014-04-29,80.189716
2014-04-28,80.42799
2014-04-25,77.429315
2014-04-24,76.864783
2014-04-23,71.04073
2014-04-22,71.981623
2014-04-21,71.909872
2014-04-17,71.066454
2014-04-16,70.263648
2014-04-15,70.121497
2014-04-14,70.625109
2014-04-11,70.344878
2014-04-10,70.868798
2014-04-09,71.794798
2014-04-08,70.863383
2014-04-07,70.867439
2014-04-04,71.997869
2014-04-03,72.941467
2014-04-02,73.450494
2014-04-01,73.328652
2014-03-31,72.663933
2014-03-28,72.680179
2014-03-27,72.761409
2014-03-26,73.075491
2014-03-25,73.780821
2014-03-24,72.99562
2014-03-21,72.140013
2014-03-20,71.575481
2014-03-19,71.922055
2014-03-18,71.941005
2014-03-17,71.310137
2014-03-14,71.032603
2014-03-13,71.839473
2014-03-12,72.646335
2014-03-11,72.575936
2014-03-10,71.876021
2014-03-07,71.811044
2014-03-06,71.853007
2014-03-05,72.070973
2014-03-04,71.919343
2014-03-03,71.448224
2014-02-28,71.242442
2014-02-27,71.436042
2014-02-26,70.038915
2014-02-25,70.676558
2014-02-24,71.419796
2014-02-21,71.108418
2014-02-20,71.907161
2014-02-19,72.749226
2014-02-18,73.916205
2014-02-14,73.645445
2014-02-13,73.705007
2014-02-12,72.552923
2014-02-11,72.558338
2014-02-10,71.61474
2014-02-07,70.354349
2014-02-06,69.383675
2014-02-05,68.981598
2014-02-04,68.470218
2014-02-03,67.493202
2014-01-31,67.368046
2014-01-30,67.257696
2014-01-29,67.388235
2014-01-28,68.162036
2014-01-27,74.083325
2014-01-24,73.487159
2014-01-23,74.847705
2014-01-22,74.21924
2014-01-21,73.890878
2014-01-17,72.760454
2014-01-16,74.587979
2014-01-15,75.006503
2014-01-14,73.530224
2014-01-13,72.095658
2014-01-10,71.720191
2014-01-09,72.201969
2014-01-08,73.13592
2014-01-07,72.675675
2014-01-06,73.199166
2014-01-03,72.802175
2014-01-02,74.437252
2013-12-31,75.499047
2013-12-30,74.62431
2013-12-27,75.373891
2013-12-26,75.886623
2013-12-24,76.393965
2013-12-23,76.719639
2013-12-20,73.88415
2013-12-19,73.270491
2013-12-18,74.119656
2013-12-17,74.687563
2013-12-16,75.025348
2013-12-13,74.6122
2013-12-12,75.434449
2013-12-11,75.5448
2013-12-10,76.108668
2013-12-09,76.227096
2013-12-06,75.364469
2013-12-05,76.42492
2013-12-04,76.034655
2013-12-03,76.212291
2013-12-02,74.181565
2013-11-29,74.8329
2013-11-27,73.472353
2013-11-26,71.782094
2013-11-25,70.482106
2013-11-22,69.95188
2013-11-21,70.132211
2013-11-20,69.305922
2013-11-19,69.918238
2013-11-18,69.794426
2013-11-15,70.650326
2013-11-14,71.076928
2013-11-13,70.063581
2013-11-12,69.98014
2013-11-11,69.850952
2013-11-08,70.054159
2013-11-07,68.968144
2013-11-06,70.102607
2013-11-05,70.30178
2013-11-04,70.475712
2013-11-01,69.576621
2013-10-31,69.933845
2013-10-30,70.228197
2013-10-29,69.128415
2013-10-28,70.894486
2013-10-25,70.370018
2013-10-24,71.166088
2013-10-23,70.236222
2013-10-22,69.555213
2013-10-21,69.754568
2013-10-18,68.086159
2013-10-17,67.498805
2013-10-16,67.045247
2013-10-15,66.720127
2013-10-14,66.366912
2013-10-11,65.934761
2013-10-10,65.510635
2013-10-09,65.102565
2013-10-08,64.34663
2013-10-07,65.257769
2013-10-04,64.626263
2013-10-03,64.677102
2013-10-02,65.499931
2013-10-01,65.285864
2013-09-30,63.786035
2013-09-27,64.5888
2013-09-26,65.053062
2013-09-25,64.425572
2013-09-24,65.438389
2013-09-23,65.644432
2013-09-20,62.536408
2013-09-19,63.190657
2013-09-18,62.171152
2013-09-17,60.918845
2013-09-16,60.223118
2013-09-13,62.200584
2013-09-12,63.242839
2013-09-11,62.576543
2013-09-10,66.179604
2013-09-09,67.72224
2013-09-06,66.658584
2013-09-05,66.26389
2013-09-04,66.721471
2013-09-03,65.368814
2013-08-30,65.186858
2013-08-29,65.786252
2013-08-28,65.679215
2013-08-27,65.370151
2013-08-26,67.294105
2013-08-23,67.033208
2013-08-22,67.292762
2013-08-21,67.212491
2013-08-20,67.039896
2013-08-19,67.932299
2013-08-16,67.208476
2013-08-15,66.617106
2013-08-14,66.696047
2013-08-13,65.501268
2013-08-12,62.52972
2013-08-09,60.80244
2013-08-08,61.680131
2013-08-07,61.80322
2013-08-06,61.83911
2013-08-05,62.397355
2013-08-02,61.478905
2013-08-01,60.700018
2013-07-31,60.148417
2013-07-30,60.253425
2013-07-29,59.518399
2013-07-26,58.614572
2013-07-25,58.283609
2013-07-24,58.550771
2013-07-23,55.69042
2013-07-22,56.663365
2013-07-19,56.482599
2013-07-18,57.387757
2013-07-17,57.19503
2013-07-16,57.180407
2013-07-15,56.813561
2013-07-12,56.689949
2013-07-11,56.793622
2013-07-10,55.921695
2013-07-09,56.137017
2013-07-08,55.166733
2013-07-05,55.481742
2013-07-03,55.930998
2013-07-02,55.623964
2013-07-01,54.391832
2013-06-28,52.705132
2013-06-27,52.33961
2013-06-26,52.90982
2013-06-25,53.515916
2013-06-24,53.503955
2013-06-21,54.960714
2013-06-20,55.404653
2013-06-19,56.223412
2013-06-18,57.389084
2013-06-17,57.419657
2013-06-14,57.160471
2013-06-13,57.946002
2013-06-12,57.44491
2013-06-11,58.163986
2013-06-10,58.335446
2013-06-07,58.723562
2013-06-06,58.278292
2013-06-05,59.162184
2013-06-04,59.720429
2013-06-03,59.907843
2013-05-31,59.776258
2013-05-30,60.022149
2013-05-29,59.140917
2013-05-28,58.674384
2013-05-24,59.1675
2013-05-23,58.767423
2013-05-22,58.662419
2013-05-21,58.437792
2013-05-20,58.872428
2013-05-17,57.587132
2013-05-16,57.762581
2013-05-15,57.000972
2013-05-14,58.99604
2013-05-13,60.442166
2013-05-10,60.206901
2013-05-09,60.711979
2013-05-08,61.246308
2013-05-07,60.562333
2013-05-06,60.833016
2013-05-03,59.416211
2013-05-02,58.827302
2013-05-01,58.004681
2013-04-30,58.465506
2013-04-29,56.793856
2013-04-26,55.087875
2013-04-25,53.923267
2013-04-24,53.537703
2013-04-23,53.626171
2013-04-22,52.64114
2013-04-19,51.56632
2013-04-18,51.767021
2013-04-17,53.186474
2013-04-16,56.281536
2013-04-15,55.437788
2013-04-12,56.751605
2013-04-11,57.349753
2013-04-10,57.52933
2013-04-09,56.379246
2013-04-08,56.277573
2013-04-05,55.880126
2013-04-04,56.476955
2013-04-03,57.040775
2013-04-02,56.750283
2013-04-01,56.634087
2013-03-28,58.449664
2013-03-27,59.693495
2013-03-26,60.889797
2013-03-25,61.21198
2013-03-22,60.99147
2013-03-21,59.779323
2013-03-20,59.693495
2013-03-19,60.011715
2013-03-18,60.174132
2013-03-15,58.581705
2013-03-14,57.108116
2013-03-13,56.560142
2013-03-12,56.570705
2013-03-11,57.817181
2013-03-08,57.005124
2013-03-07,56.854597
2013-03-06,56.20495
2013-03-05,56.928538
2013-03-04,55.464194
2013-03-01,56.840073
2013-02-28,58.283291
2013-02-27,58.701861
2013-02-26,59.282848
2013-02-25,58.468147
2013-02-22,59.525803
2013-02-21,58.898606
2013-02-20,59.267002
2013-02-19,60.737951
2013-02-15,60.760397
2013-02-14,61.609426
2013-02-13,61.664882
2013-02-12,61.7824
2013-02-11,63.370867
2013-02-08,62.717257
2013-02-07,61.824654
2013-02-06,60.039452
2013-02-05,60.103777
2013-02-04,58.06636
2013-02-01,59.549787
2013-01-31,59.795275
2013-01-30,59.971186
2013-01-29,60.160222
2013-01-28,59.052249
2013-01-25,57.746044
2013-01-24,59.140201
2013-01-23,67.477594
2013-01-22,66.264597
2013-01-18,65.638408
2013-01-17,65.990231
2013-01-16,66.437879
2013-01-15,63.79003
2013-01-14,65.868142
2013-01-11,68.303329
2013-01-10,68.724721
2013-01-09,67.88324
2013-01-08,68.961025
2013-01-07,68.775922
2013-01-04,69.182879
2013-01-03,71.165159
2013-01-02,72.074905
2012-12-31,69.86158
2012-12-28,66.897348
2012-12-27,67.615436
2012-12-26,67.345003
2012-12-24,68.286257
2012-12-21,68.175989
2012-12-20,68.491054
2012-12-19,69.092298
2012-12-18,70.088692
2012-12-17,68.110346
2012-12-14,66.923604
2012-12-13,69.536013
2012-12-12,70.758202
2012-12-11,71.071955
2012-12-10,69.553077
2012-12-07,70.003362
2012-12-06,71.839919
2012-12-05,70.730635
2012-12-04,75.595749
2012-12-03,76.953158
2012-11-30,76.833691
2012-11-29,77.369299
2012-11-28,76.526507
2012-11-27,76.768055
2012-11-26,77.391622
2012-11-23,75.024701
2012-11-21,73.738187
2012-11-20,73.634474
2012-11-19,74.267232
2012-11-16,69.272149
2012-11-15,69.001716
2012-11-14,70.479895
2012-11-13,71.270182
2012-11-12,71.260991
2012-11-09,71.816292
2012-11-08,70.594104
2012-11-07,73.252462
2012-11-06,76.166804
2012-11-05,76.398112
2012-11-02,75.376195
2012-11-01,77.955817
2012-10-31,77.796388
2012-10-26,78.930688
2012-10-25,79.654654
2012-10-24,80.60731
2012-10-23,80.153852
2012-10-22,82.855007
2012-10-19,79.693862
2012-10-18,82.673363
2012-10-17,84.237601
2012-10-16,84.914522
2012-10-15,82.950404
2012-10-12,82.290471
2012-10-11,82.080073
2012-10-10,83.754085
2012-10-09,83.092847
2012-10-08,83.396024
2012-10-05,85.280427
2012-10-04,87.137388
2012-10-03,87.745048
2012-10-02,86.419954
2012-10-01,86.16905
2012-09-28,87.176596
2012-09-27,89.034862
2012-09-26,86.925685
2012-09-25,88.018173
2012-09-24,90.272403
2012-09-21,91.487723
2012-09-20,91.306079
2012-09-19,91.750394
2012-09-18,91.725563
2012-09-17,91.447217
2012-09-14,90.336436
2012-09-13,89.251792
2012-09-12,87.528124
2012-09-11,86.325869
2012-09-10,86.606825
2012-09-07,88.919861
2012-09-06,88.374929
2012-09-05,87.585625
2012-09-04,88.205045
2012-08-31,86.933529
2012-08-30,86.754495
2012-08-29,88.009024
2012-08-28,88.18283
2012-08-27,88.297824
2012-08-24,86.669553
2012-08-23,86.592456
2012-08-22,87.407896
2012-08-21,85.733884
2012-08-20,86.92177
2012-08-17,84.694981
2012-08-16,83.15688
2012-08-15,82.436829
2012-08-14,82.54922
2012-08-13,82.328367
2012-08-10,81.243723
2012-08-09,81.116963
2012-08-08,80.656968
2012-08-07,80.793597
2012-08-06,81.006994
2012-08-03,80.115666
2012-08-02,79.086402
2012-08-01,78.958884
2012-07-31,79.472862
2012-07-30,77.426058
2012-07-27,76.141758
2012-07-26,74.804116
2012-07-25,74.815825
2012-07-24,78.192467
2012-07-23,78.571124
2012-07-20,78.632284
2012-07-19,79.936098
2012-07-18,78.88732
2012-07-17,78.975798
2012-07-16,78.971899
2012-07-13,78.719462
2012-07-12,77.929627
2012-07-11,78.649198
2012-07-10,79.141058
2012-07-09,79.880142
2012-07-06,78.83787
2012-07-05,79.366164
2012-07-03,77.995985
2012-07-02,77.099452
2012-06-29,75.990821
2012-06-28,74.045503
2012-06-27,74.754665
2012-06-26,74.43327
2012-06-25,74.269317
2012-06-22,75.743588
2012-06-21,75.16715
2012-06-20,76.217227
2012-06-19,76.434536
2012-06-18,76.222432
2012-06-15,74.706521
2012-06-14,74.368205
2012-06-13,74.450185
2012-06-12,74.970668
2012-06-11,74.32136
2012-06-08,75.511971
2012-06-07,74.39293
2012-06-06,74.359101
2012-06-05,73.236155
2012-06-04,73.426126
2012-06-01,72.996726
2012-05-31,75.174961
2012-05-30,75.362333
2012-05-29,74.464493
2012-05-25,73.165884
2012-05-24,73.560156
2012-05-23,74.241986
2012-05-22,72.473644
2012-05-21,73.034461
2012-05-18,69.013715
2012-05-17,68.979886
2012-05-16,71.056621
2012-05-15,71.979179
2012-05-14,72.636291
2012-05-11,73.741023
2012-05-10,74.236781
2012-05-09,74.062425
2012-05-08,73.9323
2012-05-07,74.101459
2012-05-04,73.551045
2012-05-03,75.707153
2012-05-02,76.248456
2012-05-01,75.747494
2012-04-30,75.988215
2012-04-27,78.463126
2012-04-26,79.074692
2012-04-25,79.373975
2012-04-24,72.904343
2012-04-23,74.390324
2012-04-20,74.556883
2012-04-19,76.438434
2012-04-18,79.157972
2012-04-17,79.334934
2012-04-16,75.487252
2012-04-13,78.753291
2012-04-12,81.035618
2012-04-11,81.481939
2012-04-10,81.77341
2012-04-09,82.787052
2012-04-05,82.45524
2012-04-04,81.236006
2012-04-03,81.887913
2012-04-02,80.496921
2012-03-30,78.014206
2012-03-29,79.355754
2012-03-28,80.365497
2012-03-27,79.956917
2012-03-26,78.981003
2012-03-23,77.558781
2012-03-22,77.986882
2012-03-21,78.39806
2012-03-20,78.84828
2012-03-19,78.215893
2012-03-16,76.195107
2012-03-15,76.193808
2012-03-14,76.716897
2012-03-13,73.921891
2012-03-12,71.826935
2012-03-09,70.938213
2012-03-08,70.524421
2012-03-07,69.054056
2012-03-06,68.9981
2012-03-05,69.375457
2012-03-02,70.939512
2012-03-01,70.847122
2012-02-29,70.582982
2012-02-28,69.668228
2012-02-27,68.412559
2012-02-24,67.976648
2012-02-23,67.193317
2012-02-22,66.757413
2012-02-21,66.992936
2012-02-17,65.336491
2012-02-16,65.3482
2012-02-15,64.757447
2012-02-14,66.291579
2012-02-13,65.398951
2012-02-10,64.204434
2012-02-09,64.171905
2012-02-08,62.026207
2012-02-07,61.004754
2012-02-06,60.372361
2012-02-03,59.814143
2012-02-02,59.220791
2012-02-01,59.360018
2012-01-31,59.397753
2012-01-30,58.946234
2012-01-27,58.200641
2012-01-26,57.855817
2012-01-25,58.119964
2012-01-24,54.704281
2012-01-23,55.615129
2012-01-20,54.689969
2012-01-19,55.659372
2012-01-18,55.836337
2012-01-17,55.262501
2012-01-13,54.626209
2012-01-12,54.831799
2012-01-11,54.982739
2012-01-10,55.072523
2012-01-09,54.876041
2012-01-06,54.963223
2012-01-05,54.394592
2012-01-04,53.797337
2012-01-03,53.509768
2011-12-30,52.699113
2011-12-29,52.714728
2011-12-28,52.392027
2011-12-27,52.898198
2011-12-23,52.481811
2011-12-22,51.859831
2011-12-21,51.586577
2011-12-20,51.521515
2011-12-19,49.733649
2011-12-16,49.578803
2011-12-15,49.308152
2011-12-14,49.470805
2011-12-13,50.592448
2011-12-12,50.986716
2011-12-09,51.218334
2011-12-08,50.833173
2011-12-07,50.628883
2011-12-06,50.870907
2011-12-05,51.13896
2011-12-02,50.708257
2011-12-01,50.477942
2011-11-30,49.732346
2011-11-29,48.561256
2011-11-28,48.941212
2011-11-25,47.308189
2011-11-23,47.753203
2011-11-22,48.991958
2011-11-21,48.016047
2011-11-18,48.787668
2011-11-17,49.109067
2011-11-16,50.06676
2011-11-15,50.595051
2011-11-14,49.349791
2011-11-11,50.04724
2011-11-10,50.125314
2011-11-09,51.434333
2011-11-08,52.85916
2011-11-07,52.013374
2011-11-04,52.079735
2011-11-03,52.447978
2011-11-02,51.711492
2011-11-01,51.594384
2011-10-31,52.670486
2011-10-28,52.692605
2011-10-27,52.658776
2011-10-26,52.12658
2011-10-25,51.758337
2011-10-24,52.799307
2011-10-21,51.120742
2011-10-20,51.438238
2011-10-19,51.868938
2011-10-18,54.942403
2011-10-17,54.649632
2011-10-14,54.911173
2011-10-13,53.145427
2011-10-12,52.333472
2011-10-11,52.08624
2011-10-10,50.592448
2011-10-07,48.118844
2011-10-06,49.103862
2011-10-05,49.218368
2011-10-04,48.470172
2011-10-03,48.743426
2011-09-30,49.61784
2011-09-29,50.821463
2011-09-28,51.659443
2011-09-27,51.952217
2011-09-26,52.460991
2011-09-23,52.608026
2011-09-22,52.285328
2011-09-21,53.628179
2011-09-20,53.798637
2011-09-19,53.561818
2011-09-16,52.113568
2011-09-15,51.132452
2011-09-14,50.656207
2011-09-13,50.04724
2011-09-12,49.438272
2011-09-09,49.118174
2011-09-08,49.984784
2011-09-07,49.957456
2011-09-06,49.412251
2011-09-02,48.67186
2011-09-01,49.580106
2011-08-31,50.074568
2011-08-30,50.745991
2011-08-29,50.743389
2011-08-26,49.911914
2011-08-25,48.62892
2011-08-24,48.949019
2011-08-23,48.613305
2011-08-22,46.380422
2011-08-19,46.327073
2011-08-18,47.63089
2011-08-17,49.503334
2011-08-16,49.508539
2011-08-15,49.889795
2011-08-12,49.054414
2011-08-11,48.626318
2011-08-10,47.323804
2011-08-09,48.666655
2011-08-08,45.960133
2011-08-05,48.615908
2011-08-04,49.103862
2011-08-03,51.081705
2011-08-02,50.605461
2011-08-01,51.62561
2011-07-29,50.809751
2011-07-28,50.984114
2011-07-27,51.084308
2011-07-26,52.492221
2011-07-25,51.853323
2011-07-22,51.176694
2011-07-21,50.394666
2011-07-20,50.343916
2011-07-19,49.036197
2011-07-18,48.63933
2011-07-15,47.483851
2011-07-14,46.553486
2011-07-13,46.586015
2011-07-12,46.030397
2011-07-11,46.062929
2011-07-08,46.80592
2011-07-07,46.479317
2011-07-06,45.771455
2011-07-05,45.468274
2011-07-01,44.665426
2011-06-30,43.677806
2011-06-29,43.465709
2011-06-28,43.624457
2011-06-27,43.205464
2011-06-24,42.465076
2011-06-23,43.100068
2011-06-22,41.978421
2011-06-21,42.328447
2011-06-20,41.029838
2011-06-17,41.672635
2011-06-16,42.31023
2011-06-15,42.517122
2011-06-14,43.257513
2011-06-13,42.497605
2011-06-10,42.406522
2011-06-09,43.133897
2011-06-08,43.231488
2011-06-07,43.205464
2011-06-06,43.986192
2011-06-03,44.688849
2011-06-02,45.034969
2011-06-01,44.958197
2011-05-31,45.260078
2011-05-27,43.904215
2011-05-26,43.590624
2011-05-25,43.822239
2011-05-24,43.224984
2011-05-23,43.51255
2011-05-20,43.619252
2011-05-19,44.310196
2011-05-18,44.224314
2011-05-17,43.738962
2011-05-16,43.369417
2011-05-13,44.30629
2011-05-12,45.096125
2011-05-11,45.182007
2011-05-10,45.470876
2011-05-09,45.230152
2011-05-06,45.107838
2011-05-05,45.119548
2011-05-04,45.486491
2011-05-03,45.308226
2011-05-02,45.058391
2011-04-29,45.559357
2011-04-28,45.119548
2011-04-27,45.56196
2011-04-26,45.597095
2011-04-25,45.934108
2011-04-21,45.633526
2011-04-20,44.554822
2011-04-19,43.962769
2011-04-18,43.180742
2011-04-15,42.609508
2011-04-14,43.254911
2011-04-13,43.73766
2011-04-12,43.252308
2011-04-11,43.044113
2011-04-08,43.598432
2011-04-07,43.991397
2011-04-06,43.986192
2011-04-05,44.096795
2011-04-04,44.396074
2011-04-01,44.834584
2011-03-31,45.348563
2011-03-30,45.364178
2011-03-29,45.667359
2011-03-28,45.599697
2011-03-25,45.742831
2011-03-24,44.887933
2011-03-23,44.135833
2011-03-22,44.397377
2011-03-21,44.150145
2011-03-18,43.027199
2011-03-17,43.54378
2011-03-16,42.94132
2011-03-15,44.947787
2011-03-14,46.005675
2011-03-11,45.801385
2011-03-10,45.109138
2011-03-09,45.863841
2011-03-08,46.291941
2011-03-07,46.239891
2011-03-04,46.843654
2011-03-03,46.786403
2011-03-02,45.818299
2011-03-01,45.452659
2011-02-28,45.960133
2011-02-25,45.303021
2011-02-24,44.615979
2011-02-23,44.582147
2011-02-22,44.060361
2011-02-18,45.615312
2011-02-17,46.62245
2011-02-16,47.250934
2011-02-15,46.830645
2011-02-14,46.736956
2011-02-11,46.433775
2011-02-10,46.133193
2011-02-09,46.604232
2011-02-08,46.219075
2011-02-07,45.787069
2011-02-04,45.087018
2011-02-03,44.688849
2011-02-02,44.803354
2011-02-01,44.895741
2011-01-31,44.152747
2011-01-28,43.733758
2011-01-27,44.658918
2011-01-26,44.742198
2011-01-25,44.423399
2011-01-24,43.90942
2011-01-21,42.51322
2011-01-20,43.288743
2011-01-19,44.090291
2011-01-18,44.325811
2011-01-14,45.344657
2011-01-13,44.98032
2011-01-12,44.816367
2011-01-11,44.454628
2011-01-10,44.560027
2011-01-07,43.73636
2011-01-06,43.425368
2011-01-05,43.460504
2011-01-04,43.107876
2011-01-03,42.884065
2010-12-31,41.971917
2010-12-30,42.11505
2010-12-29,42.327147
2010-12-28,42.35057
2010-12-27,42.247773
2010-12-23,42.107243
2010-12-22,42.31023
2010-12-21,42.185314
2010-12-20,41.926372
2010-12-17,41.71818
2010-12-16,41.801456
2010-12-15,41.685647
2010-12-14,41.67654
2010-12-13,41.856108
2010-12-10,41.711672
2010-12-09,41.607576
2010-12-08,41.770226
2010-12-07,41.405889
2010-12-06,41.658323
2010-12-03,41.305695
2010-12-02,41.398081
2010-12-01,41.170369
2010-11-30,40.487232
2010-11-29,41.231526
2010-11-26,40.988199
2010-11-24,40.962174
2010-11-23,40.172339
2010-11-22,40.774798
2010-11-19,39.912097
2010-11-18,40.133301
2010-11-17,39.101439
2010-11-16,39.243272
2010-11-15,39.952434
2010-11-12,40.081252
2010-11-11,41.202898
2010-11-10,41.382466
2010-11-09,41.128729
2010-11-08,41.459238
2010-11-05,41.265358
2010-11-04,41.413696
2010-11-03,40.701932
2010-11-02,40.254315
2010-11-01,39.580285
2010-10-29,39.163898
2010-10-28,39.718214
2010-10-27,40.05523
2010-10-26,40.083854
2010-10-25,40.186651
2010-10-22,40.008386
2010-10-21,40.275135
2010-10-20,40.406555
2010-10-19,40.27123
2010-10-18,41.378561
2010-10-15,40.954366
2010-10-14,39.336958
2010-10-13,39.054597
2010-10-12,38.846402
2010-10-11,38.432617
2010-10-08,38.264759
2010-10-07,37.633672
2010-10-06,37.62977
2010-10-05,37.597237
2010-10-04,36.256989
2010-10-01,36.76186
2010-09-30,36.921908
2010-09-29,37.392947
2010-09-28,37.326586
2010-09-27,37.886106
2010-09-24,38.037047
2010-09-23,37.594635
2010-09-22,37.442395
2010-09-21,36.92451
2010-09-20,36.854247
2010-09-17,35.831491
2010-09-16,35.987637
2010-09-15,35.161367
2010-09-14,34.880306
2010-09-13,34.747582
2010-09-10,34.275243
2010-09-09,34.231001
2010-09-08,34.211484
2010-09-07,33.546565
2010-09-03,33.671481
2010-09-02,32.812678
2010-09-01,32.573257
2010-08-31,31.632481
2010-08-30,31.554406
2010-08-27,31.4399
2010-08-26,31.265537
2010-08-25,31.605153
2010-08-24,31.219996
2010-08-23,31.983806
2010-08-20,32.483473
2010-08-19,32.514702
2010-08-18,32.92979
2010-08-17,32.786657
2010-08-16,32.223231
2010-08-13,32.413205
2010-08-12,32.763234
2010-08-11,32.555039
2010-08-10,33.754757
2010-08-09,34.059241
2010-08-06,33.843241
2010-08-05,34.052736
2010-08-04,34.219292
2010-08-03,34.082663
2010-08-02,34.072253
2010-07-30,33.473695
2010-07-29,33.585599
2010-07-28,33.956444
2010-07-27,34.362425
2010-07-26,33.737842
2010-07-23,33.823721
2010-07-22,33.70401
2010-07-21,33.08203
2010-07-20,32.776247
2010-07-19,31.955182
2010-07-16,32.517305
2010-07-15,32.718992
2010-07-14,32.885548
2010-07-13,32.764534
2010-07-12,33.4789
2010-07-09,33.782081
2010-07-08,33.582996
2010-07-07,33.658468
2010-07-06,32.352049
2010-07-02,32.132144
2010-07-01,32.332532
2010-06-30,32.729402
2010-06-29,33.333165
2010-06-28,34.911535
2010-06-25,34.70334
2010-06-24,35.002619
2010-06-23,35.258958
2010-06-22,35.633709
2010-06-21,35.154862
2010-06-18,35.662337
2010-06-17,35.376067
2010-06-16,34.774907
2010-06-15,33.791192
2010-06-14,33.087235
2010-06-11,32.987041
2010-06-10,32.596679
2010-06-09,31.645493
2010-06-08,32.443136
2010-06-07,32.652631
2010-06-04,33.30584
2010-06-03,34.237506
2010-06-02,34.345507
2010-06-01,33.93953
2010-05-28,33.425551
2010-05-27,32.966221
2010-05-26,31.763901
2010-05-25,31.908337
2010-05-24,32.108722
2010-05-21,31.530984
2010-05-20,30.937631
2010-05-19,32.314315
2010-05-18,32.837404
2010-05-17,33.079428
2010-05-14,33.027378
2010-05-13,33.618132
2010-05-12,34.103483
2010-05-11,33.378706
2010-05-10,33.049501
2010-05-07,30.690402
2010-05-06,32.04236
2010-05-05,33.309742
2010-05-04,33.659768
2010-05-03,34.657798
2010-04-30,33.973362
2010-04-29,34.955778
2010-04-28,34.039724
2010-04-27,34.096975
2010-04-26,35.067681
2010-04-23,35.240741
2010-04-22,34.673413
2010-04-21,33.730035
2010-04-20,31.826361
2010-04-19,32.149062
2010-04-16,32.192001
2010-04-15,32.389787
2010-04-14,31.969494
2010-04-13,31.545299
2010-04-12,31.527082
2010-04-09,31.46202
2010-04-08,31.222598
2010-04-07,31.307177
2010-04-06,31.169249
2010-04-05,31.03262
2010-04-01,30.704714
2010-03-31,30.578499
2010-03-30,30.689099
2010-03-29,30.23888
2010-03-26,30.045
2010-03-25,29.491984
2010-03-24,29.845915
2010-03-23,29.714491
2010-03-22,29.244755
2010-03-19,28.919451
2010-03-18,29.231742
2010-03-17,29.162778
2010-03-16,29.205718
2010-03-15,29.126344
2010-03-12,29.485479
2010-03-11,29.342346
2010-03-10,29.256464
2010-03-09,29.019645
2010-03-08,28.506966
2010-03-05,28.490052
2010-03-04,27.417852
2010-03-03,27.238284
2010-03-02,27.175826
2010-03-01,27.194044
2010-02-26,26.625413
2010-02-25,26.284496
2010-02-24,26.110133
2010-02-23,25.641696
2010-02-22,26.078903
2010-02-19,26.241555
2010-02-18,26.405508
2010-02-17,26.356063
2010-02-16,26.466665
2010-02-12,26.073698
2010-02-11,25.851191
2010-02-10,25.389262
2010-02-09,25.528492
2010-02-08,25.25914
2010-02-05,25.433503
2010-02-04,24.989789
2010-02-03,25.924059
2010-02-02,25.485551
2010-02-01,25.338514
2010-01-29,24.991091
2010-01-28,25.931866
2010-01-27,27.049609
2010-01-26,26.797173
2010-01-25,26.423726
2010-01-22,25.73148
2010-01-21,27.074331
2010-01-20,27.550575
2010-01-19,27.981276
2010-01-15,26.795872
2010-01-14,27.251297
2010-01-13,27.410045
2010-01-12,27.028789
2010-01-11,27.339779
2010-01-08,27.583106
2010-01-07,27.400936
2010-01-06,27.451683
2010-01-05,27.895396
2010-01-04,27.847252
2009-12-31,27.420455
2009-12-30,27.538864
2009-12-29,27.208357
2009-12-28,27.53496
2009-12-24,27.20055
2009-12-23,26.297508
2009-12-22,26.071098
2009-12-21,25.793938
2009-12-18,25.429599
2009-12-17,24.965066
2009-12-16,25.377551
2009-12-15,25.265646
2009-12-14,25.631286
2009-12-11,25.330706
2009-12-10,25.55972
2009-12-09,25.737986
2009-12-08,24.706125
2009-12-07,24.586413
2009-12-04,25.155044
2009-12-03,25.566226
2009-12-02,25.533697
2009-12-01,25.629985
2009-11-30,26.012542
2009-11-27,26.101024
2009-11-25,26.569461
2009-11-24,26.601992
2009-11-23,26.789366
2009-11-20,26.013843
2009-11-19,26.090614
2009-11-18,26.799776
2009-11-17,26.935102
2009-11-16,26.886957
2009-11-13,26.603294
2009-11-12,26.283195
2009-11-11,26.447148
2009-11-10,26.412014
2009-11-09,26.214231
2009-11-06,25.287767
2009-11-05,25.247428
2009-11-04,24.828439
2009-11-03,24.560388
2009-11-02,24.633256
2009-10-30,24.527859
2009-10-29,25.54931
2009-10-28,25.035331
2009-10-27,25.682035
2009-10-26,26.346954
2009-10-23,26.53693
2009-10-22,26.700883
2009-10-21,26.66445
2009-10-20,25.862902
2009-10-19,24.704824
2009-10-16,24.469305
2009-10-15,24.795908
2009-10-14,24.890897
2009-10-13,24.725642
2009-10-12,24.828439
2009-10-09,24.784197
2009-10-08,24.628053
2009-10-07,24.755571
2009-10-06,24.724341
2009-10-05,24.205158
2009-10-02,24.059422
2009-10-01,23.533732
2009-09-30,24.117976
2009-09-29,24.12188
2009-09-28,24.222074
2009-09-25,23.730214
2009-09-24,23.918891
2009-09-23,24.137495
2009-09-22,24.004771
2009-09-21,23.944916
2009-09-18,24.075037
2009-09-17,24.01388
2009-09-16,23.665154
2009-09-15,22.792041
2009-09-14,22.604666
2009-09-11,22.401677
2009-09-10,22.453725
2009-09-09,22.268954
2009-09-08,22.501871
2009-09-04,22.160953
2009-09-03,21.671696
2009-09-02,21.493431
2009-09-01,21.509046
2009-08-31,21.887699
2009-08-28,22.12712
2009-08-27,22.049049
2009-08-26,21.783601
2009-08-25,22.042543
2009-08-24,21.998301
2009-08-21,22.019121
2009-08-20,21.64307
2009-08-19,21.417961
2009-08-18,21.339888
2009-08-17,20.766052
2009-08-14,21.701624
2009-08-13,21.915023
2009-08-12,21.510347
2009-08-11,21.187646
2009-08-10,21.433575
2009-08-07,21.53637
2009-08-06,21.328177
2009-08-05,21.484322
2009-08-04,21.541575
2009-08-03,21.656083
2009-07-31,21.260514
2009-07-30,21.182441
2009-07-29,20.823307
2009-07-28,20.819403
2009-07-27,20.832415
2009-07-24,20.818102
2009-07-23,20.535737
2009-07-22,20.395207
2009-07-21,19.714672
2009-07-20,19.896843
2009-07-17,19.745902
2009-07-16,19.195489
2009-07-15,19.112211
2009-07-14,18.512352
2009-07-13,18.521461
2009-07-10,18.024398
2009-07-09,17.743335
2009-07-08,17.85524
2009-07-07,17.618419
2009-07-06,18.036108
2009-07-02,18.21958
2009-07-01,18.58522
2009-06-30,18.533172
2009-06-29,18.473317
2009-06-26,18.534473
2009-06-25,18.19876
2009-06-24,17.725118
2009-06-23,17.43755
2009-06-22,17.874759
2009-06-19,18.149314
2009-06-18,17.680877
2009-06-17,17.641842
2009-06-16,17.742034
2009-06-15,17.708203
2009-06-12,17.822709
2009-06-11,18.210471
2009-06-10,18.249508
2009-06-09,18.570906
2009-06-08,18.717943
2009-06-05,18.824643
2009-06-04,18.703631
2009-06-03,18.340592
2009-06-02,18.150615
2009-06-01,18.132398
2009-05-29,17.671769
2009-05-28,17.575478
2009-05-27,17.312634
2009-05-26,17.017259
2009-05-22,15.939855
2009-05-21,16.158458
2009-05-20,16.378363
2009-05-19,16.583956
2009-05-18,16.479858
2009-05-15,15.929445
2009-05-14,15.998409
2009-05-13,15.54819
2009-05-12,16.189688
2009-05-11,16.859813
2009-05-08,16.810367
2009-05-07,16.793451
2009-05-06,17.241068
2009-05-05,17.268392
2009-05-04,17.185116
2009-05-01,16.55663
2009-04-30,16.373158
2009-04-29,16.283374
2009-04-28,16.122025
2009-04-27,16.230025
2009-04-24,16.122025
2009-04-23,16.317207
2009-04-22,15.811035
2009-04-21,15.843565
2009-04-20,15.679612
2009-04-17,16.059566
2009-04-16,15.803228
2009-04-15,15.307465
2009-04-14,15.394647
2009-04-13,15.643179
2009-04-09,15.5586
2009-04-08,15.135706
2009-04-07,14.963946
2009-04-06,15.412864
2009-04-03,15.092765
2009-04-02,14.665968
2009-04-01,14.14288
2009-03-31,13.678348
2009-03-30,13.596371
2009-03-27,13.903457
2009-03-26,14.296423
2009-03-25,13.856614
2009-03-24,13.857915
2009-03-23,14.008856
2009-03-20,13.21902
2009-03-19,13.222923
2009-03-18,13.209911
2009-03-17,12.967885
2009-03-16,12.416171
2009-03-13,12.482533
2009-03-12,12.537184
2009-03-11,12.059639
2009-03-10,11.532648
2009-03-09,10.814378
2009-03-06,11.099344
2009-03-05,11.559973
2009-03-04,11.863155
2009-03-03,11.498816
2009-03-02,11.442864
2009-02-27,11.62113
2009-02-26,11.605515
2009-02-25,11.861854
2009-02-24,11.743445
2009-02-23,11.314044
2009-02-20,11.867059
2009-02-19,11.794191
2009-02-18,12.279543
2009-02-17,12.300363
2009-02-13,12.902825
2009-02-12,12.917138
2009-02-11,12.598341
2009-02-10,12.729764
2009-02-09,13.338731
2009-02-06,12.975692
2009-02-05,12.551497
2009-02-04,12.172844
2009-02-03,12.098675
2009-02-02,11.907397
2009-01-30,11.72783
2009-01-29,12.101278
2009-01-28,12.257423
2009-01-27,11.805902
2009-01-26,11.66407
2009-01-23,11.497515
2009-01-22,11.497515
2009-01-21,10.777944
2009-01-20,10.175483
2009-01-16,10.712884
2009-01-15,10.849511
2009-01-14,11.103247
2009-01-13,11.412936
2009-01-12,11.536551
2009-01-09,11.786384
2009-01-08,12.062241
2009-01-07,11.842336
2009-01-06,12.10388
2009-01-05,12.306869
2009-01-02,11.808505
2008-12-31,11.10585
2008-12-30,11.228164
2008-12-29,11.269803
2008-12-26,11.165706
2008-12-24,11.065512
2008-12-23,11.239875
2008-12-22,11.156597
2008-12-19,11.710913
2008-12-18,11.636744
2008-12-17,11.601612
2008-12-16,12.417472
2008-12-15,12.32899
2008-12-12,12.787017
2008-12-11,12.36152
2008-12-10,12.779209
2008-12-09,13.019934
2008-12-08,12.975692
2008-12-05,12.231399
2008-12-04,11.894385
2008-12-03,12.478629
2008-12-02,12.032313
2008-12-01,11.571684
2008-11-28,12.058337
2008-11-26,12.36152
2008-11-25,11.815011
2008-11-24,12.094771
2008-11-21,10.745414
2008-11-20,10.473461
2008-11-19,11.228164
2008-11-18,11.699203
2008-11-17,11.468888
2008-11-14,11.742143
2008-11-13,12.548895
2008-11-12,11.726528
2008-11-11,12.331592
2008-11-10,12.476027
2008-11-07,12.783113
2008-11-06,12.895017
2008-11-05,13.441527
2008-11-04,14.442159
2008-11-03,13.91777
2008-10-31,13.999747
2008-10-30,14.448665
2008-10-29,13.604179
2008-10-28,13.000415
2008-10-27,11.982867
2008-10-24,12.541088
2008-10-23,12.781812
2008-10-22,12.604847
2008-10-21,11.904794
2008-10-20,12.809137
2008-10-17,12.673811
2008-10-16,13.258056
2008-10-15,12.745378
2008-10-14,13.543021
2008-10-13,14.347171
2008-10-10,12.595738
2008-10-09,11.546961
2008-10-08,11.683588
2008-10-07,11.601612
2008-10-06,12.770101
2008-10-03,12.630871
2008-10-02,13.025139
2008-10-01,14.198833
2008-09-30,14.789583
2008-09-29,13.696564
2008-09-26,16.686751
2008-09-25,17.166899
2008-09-24,16.747907
2008-09-23,16.504582
2008-09-22,17.052391
2008-09-19,18.335387
2008-09-18,17.44796
2008-09-17,16.633402
2008-09-16,18.201362
2008-09-15,18.26382
2008-09-12,19.380262
2008-09-11,19.863011
2008-09-10,19.727685
2008-09-09,19.736794
2008-09-08,20.54875
2008-09-05,20.842824
2008-09-04,20.978151
2008-09-03,21.725047
2008-09-02,21.624853
2008-08-29,22.059457
2008-08-28,22.607268
2008-08-27,22.728282
2008-08-26,22.594256
2008-08-25,22.452424
2008-08-22,23.004139
2008-08-21,22.678835
2008-08-20,22.880524
2008-08-19,22.579944
2008-08-18,22.821968
2008-08-15,22.867512
2008-08-14,23.333346
2008-08-13,23.330743
2008-08-12,22.996331
2008-08-11,22.583846
2008-08-08,22.06206
2008-08-07,21.283936
2008-08-06,21.364611
2008-08-05,20.902681
2008-08-04,19.938481
2008-08-01,20.384797
2008-07-31,20.682776
2008-07-30,20.803788
2008-07-29,20.439449
2008-07-28,20.090723
2008-07-25,21.095259
2008-07-24,20.693184
2008-07-23,21.633962
2008-07-22,21.082247
2008-07-21,21.637865
2008-07-18,21.489527
2008-07-17,22.356134
2008-07-16,22.486256
2008-07-15,22.073771
2008-07-14,22.625486
2008-07-11,22.456328
2008-07-10,22.983319
2008-07-09,22.67363
2008-07-08,23.363273
2008-07-07,22.792041
2008-07-03,22.136229
2008-07-02,21.883795
2008-07-01,22.729583
2008-06-30,21.787505
2008-06-27,22.132325
2008-06-26,21.894205
2008-06-25,23.082211
2008-06-24,22.543509
2008-06-23,22.531798
2008-06-20,22.806355
2008-06-19,23.538937
2008-06-18,23.259177
2008-06-17,23.607901
2008-06-16,23.010645
2008-06-13,22.429003
2008-06-12,22.54481
2008-06-11,23.527226
2008-06-10,24.155712
2008-06-09,23.631324
2008-06-06,24.155712
2008-06-05,24.648871
2008-06-04,24.097158
2008-06-03,24.120579
2008-06-02,24.215567
2008-05-30,24.560388
2008-05-29,24.292339
2008-05-28,24.333977
2008-05-27,24.258507
2008-05-23,23.574069
2008-05-22,23.037969
2008-05-21,23.186309
2008-05-20,24.189543
2008-05-19,23.890264
2008-05-16,24.413351
2008-05-15,24.687908
2008-05-14,24.236387
2008-05-13,24.717835
2008-05-12,24.483616
2008-05-09,23.870747
2008-05-08,24.080242
2008-05-07,23.758842
2008-05-06,24.288435
2008-05-05,24.037301
2008-05-02,23.544142
2008-05-01,23.421827
2008-04-30,22.634594
2008-04-29,22.777728
2008-04-28,22.412087
2008-04-25,22.085482
2008-04-24,21.982686
2008-04-23,21.195453
2008-04-22,20.845426
2008-04-21,21.881192
2008-04-18,20.954729
2008-04-17,20.102434
2008-04-16,19.999639
2008-04-15,19.307394
2008-04-14,19.229321
2008-04-11,19.146043
2008-04-10,20.110241
2008-04-09,19.705564
2008-04-08,19.887734
2008-04-07,20.284604
2008-04-04,19.918964
2008-04-03,19.727685
2008-04-02,19.191585
2008-04-01,19.457033
2008-03-31,18.672402
2008-03-28,18.608642
2008-03-27,18.249508
2008-03-26,18.87539
2008-03-25,18.344495
2008-03-24,18.15582
2008-03-20,17.341262
2008-03-19,16.872825
2008-03-18,17.282706
2008-03-17,16.490268
2008-03-14,16.474653
2008-03-13,16.647715
2008-03-12,16.399183
2008-03-11,16.570944
2008-03-10,15.574215
2008-03-07,15.907324
2008-03-06,15.735565
2008-03-05,16.198797
2008-03-04,16.215711
2008-03-03,15.839661
2008-02-29,16.267761
2008-02-28,16.904053
2008-02-27,15.99971
2008-02-26,15.503949
2008-02-25,15.580721
2008-02-22,15.544286
2008-02-21,15.814939
2008-02-20,16.111616
2008-02-19,15.898217
2008-02-15,16.217013
2008-02-14,16.585256
2008-02-13,16.837691
2008-02-12,16.246941
2008-02-11,16.844198
2008-02-08,16.327617
2008-02-07,15.775902
2008-02-06,15.874795
2008-02-05,16.832486
2008-02-04,17.130464
2008-02-01,17.40372
2008-01-31,17.613215
2008-01-30,17.199428
2008-01-29,17.116152
2008-01-28,16.917065
2008-01-25,16.917065
2008-01-24,17.644444
2008-01-23,18.095965
2008-01-22,20.252073
2008-01-18,20.996367
2008-01-17,20.93521
2008-01-16,20.772558
2008-01-15,21.995698
2008-01-14,23.263081
2008-01-11,22.470641
2008-01-10,23.164188
2008-01-09,23.343754
2008-01-08,22.283266
2008-01-07,23.114741
2008-01-04,23.428333
2008-01-03,25.364539
2008-01-02,25.352827
2007-12-31,25.774419
2007-12-28,26.002132
2007-12-27,25.83818
2007-12-26,25.887626
2007-12-24,25.868107
2007-12-21,25.231815
2007-12-20,24.360002
2007-12-19,23.827806
2007-12-18,23.809589
2007-12-17,23.994361
2007-12-14,24.773788
2007-12-13,24.961162
2007-12-12,24.834945
2007-12-11,24.533064
2007-12-10,25.270851
2007-12-07,25.282562
2007-12-06,24.716534
2007-12-05,24.137495
2007-12-04,23.397105
2007-12-03,23.273489
2007-11-30,23.710698
2007-11-29,23.980048
2007-11-28,23.450454
2007-11-27,22.746498
2007-11-26,22.451123
2007-11-23,22.321002
2007-11-21,21.920228
2007-11-20,21.970976
2007-11-19,21.333382
2007-11-16,21.650878
2007-11-15,21.378923
2007-11-14,21.614443
2007-11-13,22.115411
2007-11-12,20.007445
2007-11-09,21.518154
2007-11-08,22.832378
2007-11-07,24.241592
2007-11-06,24.955957
2007-11-05,24.225977
2007-11-02,24.445882
2007-11-01,24.389931
2007-10-31,24.716534
2007-10-30,24.332676
2007-10-29,24.084145
2007-10-26,24.033397
2007-10-25,23.783565
2007-10-24,24.193446
2007-10-23,24.223375
2007-10-22,22.687944
2007-10-19,22.175266
2007-10-18,22.57604
2007-10-17,22.478449
2007-10-16,22.065964
2007-10-15,21.727649
2007-10-12,21.762781
2007-10-11,21.109573
2007-10-10,21.702926
2007-10-09,21.842155
2007-10-08,21.848661
2007-10-05,21.008078
2007-10-04,20.330146
2007-10-03,20.54875
2007-10-02,20.617714
2007-10-01,20.343159
2007-09-28,19.969711
2007-09-27,20.103735
2007-09-26,19.878625
2007-09-25,19.931975
2007-09-24,19.294382
2007-09-21,18.756981
2007-09-20,18.257314
2007-09-19,18.317171
2007-09-18,18.336688
2007-09-17,18.010085
2007-09-14,18.062133
2007-09-13,17.852638
2007-09-12,17.807094
2007-09-11,17.630131
2007-09-10,17.788879
2007-09-07,17.146079
2007-09-06,17.567673
2007-09-05,17.795385
2007-09-04,18.758282
2007-08-31,18.019193
2007-08-30,17.729022
2007-08-29,17.446659
2007-08-28,16.50198
2007-08-27,17.208537
2007-08-24,17.605407
2007-08-23,17.054994
2007-08-22,17.242369
2007-08-21,16.599569
2007-08-20,15.90342
2007-08-17,15.882602
2007-08-16,15.230693
2007-08-15,15.601539
2007-08-14,16.13894
2007-08-13,16.628197
2007-08-10,16.265159
2007-08-09,16.446026
2007-08-08,17.43755
2007-08-07,17.570275
2007-08-06,17.598901
2007-08-03,17.156489
2007-08-02,17.760251
2007-08-01,17.566372
2007-07-31,17.144778
2007-07-30,18.403051
2007-07-27,18.717943
2007-07-26,18.997705
2007-07-25,17.860445
2007-07-24,17.552058
2007-07-23,18.698426
2007-07-20,18.704933
2007-07-19,18.216977
2007-07-18,17.972349
2007-07-17,18.075145
2007-07-16,17.969746
2007-07-13,17.921602
2007-07-12,17.445358
2007-07-11,17.226754
2007-07-10,17.221549
2007-07-09,16.958705
2007-07-06,17.215043
2007-07-05,17.273597
2007-07-03,16.547521
2007-07-02,15.778504
2007-06-29,15.88
2007-06-28,15.687419
2007-06-27,15.860481
2007-06-26,15.56901
2007-06-25,15.919035
2007-06-22,16.004915
2007-06-21,16.122025
2007-06-20,15.81624
2007-06-19,16.090796
2007-06-18,16.27687
2007-06-15,15.679612
2007-06-14,15.451899
2007-06-13,15.289249
2007-06-12,15.663999
2007-06-11,15.639275
2007-06-08,16.198797
2007-06-07,16.144145
2007-06-06,16.088193
2007-06-05,15.961976
2007-06-04,15.787613
2007-06-01,15.406358
2007-05-31,15.769396
2007-05-30,15.454502
2007-05-29,14.879367
2007-05-25,14.784378
2007-05-24,14.403122
2007-05-23,14.689389
2007-05-22,14.773968
2007-05-21,14.570979
2007-05-18,14.315942
2007-05-17,14.240471
2007-05-16,13.967217
2007-05-15,13.990638
2007-05-14,14.230062
2007-05-11,14.149386
2007-05-10,13.967217
2007-05-09,13.907361
2007-05-08,13.67054
2007-05-07,13.522202
2007-05-04,13.117524
2007-05-03,13.064175
2007-05-02,13.062874
2007-05-01,12.943162
2007-04-30,12.986102
2007-04-27,13.001716
2007-04-26,12.861186
2007-04-25,12.407063
2007-04-24,12.132506
2007-04-23,12.167639
2007-04-20,11.837131
2007-04-19,11.746047
2007-04-18,11.762962
2007-04-17,11.756456
2007-04-16,11.896988
2007-04-13,11.742143
2007-04-12,11.99588
2007-04-11,12.047928
2007-04-10,12.263929
2007-04-09,12.185857
2007-04-05,12.319881
2007-04-04,12.266532
2007-04-03,12.29646
2007-04-02,12.185857
2007-03-30,12.089566
2007-03-29,12.198869
2007-03-28,12.132506
2007-03-27,12.421376
2007-03-26,12.472123
2007-03-23,12.16894
2007-03-22,12.226194
2007-03-21,12.214483
2007-03-20,11.903493
2007-03-19,11.857951
2007-03-16,11.657564
2007-03-15,11.654962
2007-03-14,11.710913
2007-03-13,11.50272
2007-03-12,11.693998
2007-03-09,11.446767
2007-03-08,11.450671
2007-03-07,11.414237
2007-03-06,11.475395
2007-03-05,11.232068
2007-03-02,11.113657
2007-03-01,11.328358
2007-02-28,11.00956
2007-02-27,10.921078
2007-02-26,11.517034
2007-02-23,11.589901
2007-02-22,11.647154
2007-02-21,11.606817
2007-02-20,11.177416
2007-02-16,11.038187
2007-02-15,11.087633
2007-02-14,11.099344
2007-02-13,11.021272
2007-02-12,11.044693
2007-02-09,10.835198
2007-02-08,11.213851
2007-02-07,11.209947
2007-02-06,10.949704
2007-02-05,10.922379
2007-02-02,11.027777
2007-02-01,11.026476
2007-01-31,11.155296
2007-01-30,11.131875
2007-01-29,11.182621
2007-01-26,11.109753
2007-01-25,11.222959
2007-01-24,11.281514
2007-01-23,11.151392
2007-01-22,11.293224
2007-01-19,11.515732
2007-01-18,11.589901
2007-01-17,12.355014
2007-01-16,12.634775
2007-01-12,12.312074
2007-01-11,12.465618
2007-01-10,12.621762
2007-01-09,12.045326
2007-01-08,11.121465
2007-01-05,11.066813
2007-01-04,11.146187
2007-01-03,10.904162
2006-12-29,11.039488
2006-12-28,10.522907
2006-12-27,10.607486
2006-12-26,10.606185
2006-12-22,10.695968
2006-12-21,10.787053
2006-12-20,11.029078
2006-12-19,11.230766
2006-12-18,11.121465
2006-12-15,11.414237
2006-12-14,11.522238
2006-12-13,11.587299
2006-12-12,11.208646
2006-12-11,11.548263
2006-12-08,11.484503
2006-12-07,11.325755
2006-12-06,11.688793
2006-12-05,11.876168
2006-12-04,11.85665
2006-12-01,11.882674
2006-11-30,11.926915
2006-11-29,11.945132
2006-11-28,11.946433
2006-11-27,11.651058
2006-11-24,11.923012
2006-11-22,11.751251
2006-11-21,11.528744
2006-11-20,11.251586
2006-11-17,11.170911
2006-11-16,11.139681
2006-11-15,10.936692
2006-11-14,11.060308
2006-11-13,10.975729
2006-11-10,10.81568
2006-11-09,10.844306
2006-11-08,10.728498
2006-11-07,10.476063
2006-11-06,10.371966
2006-11-03,10.187194
2006-11-02,10.276977
2006-11-01,10.3004
2006-10-31,10.550232
2006-10-30,10.464352
2006-10-27,10.463051
2006-10-26,10.694667
2006-10-25,10.628305
2006-10-24,10.546328
2006-10-23,10.599679
2006-10-20,10.403195
2006-10-19,10.278279
2006-10-18,9.697937
2006-10-17,9.666709
2006-10-16,9.811143
2006-10-13,9.761697
2006-10-12,9.792926
2006-10-11,9.52878
2006-10-10,9.604251
2006-10-09,9.71095
2006-10-06,9.657601
2006-10-05,9.736974
2006-10-04,9.808541
2006-10-03,9.639383
2006-10-02,9.740878
2006-09-29,10.016735
2006-09-28,10.020639
2006-09-27,9.942566
2006-09-26,10.098711
2006-09-25,9.856686
2006-09-22,9.498853
2006-09-21,9.713552
2006-09-20,9.792926
2006-09-19,9.599046
2006-09-18,9.614661
2006-09-15,9.641986
2006-09-14,9.651094
2006-09-13,9.654998
2006-09-12,9.450708
2006-09-11,9.433791
2006-09-08,9.436394
2006-09-07,9.472828
2006-09-06,9.112392
2006-09-05,9.301068
2006-09-01,8.897692
2006-08-31,8.828728
2006-08-30,8.71292
2006-08-29,8.650462
2006-08-28,8.715522
2006-08-25,8.945837
2006-08-24,8.823523
2006-08-23,8.758462
2006-08-22,8.7988
2006-08-21,8.660872
2006-08-18,8.836535
2006-08-17,8.794896
2006-08-16,8.845644
2006-08-15,8.646558
2006-08-14,8.319954
2006-08-11,8.282219
2006-08-10,8.336869
2006-08-09,8.274411
2006-08-08,8.429256
2006-08-07,8.745451
2006-08-04,8.887283
2006-08-03,9.055138
2006-08-02,8.869065
2006-08-01,8.741547
2006-07-31,8.843041
2006-07-28,8.534654
2006-07-27,8.249689
2006-07-26,8.310845
2006-07-25,8.05841
2006-07-24,7.992048
2006-07-21,7.900963
2006-07-20,7.872337
2006-07-19,7.03956
2006-07-18,6.883415
2006-07-17,6.814451
2006-07-14,6.593245
2006-07-13,6.798836
2006-07-12,6.891222
2006-07-11,7.241248
2006-07-10,7.15667
2006-07-07,7.208718
2006-07-06,7.256863
2006-07-05,7.416912
2006-07-03,7.540527
2006-06-30,7.452045
2006-06-29,7.673251
2006-06-28,7.289393
2006-06-27,7.472864
2006-06-26,7.675854
2006-06-23,7.655034
2006-06-22,7.752625
2006-06-21,7.528817
2006-06-20,7.478069
2006-06-19,7.442936
2006-06-16,7.48978
2006-06-15,7.7266
2006-06-14,7.496286
2006-06-13,7.589973
2006-06-12,7.416912
2006-06-09,7.708384
2006-06-08,7.906168
2006-06-07,7.619901
2006-06-06,7.770842
2006-06-05,7.807276
2006-06-02,8.023278
2006-06-01,8.089639
2006-05-31,7.777348
2006-05-30,7.966024
2006-05-26,8.269206
2006-05-25,8.370701
2006-05-24,8.241881
2006-05-23,8.217157
2006-05-22,8.247086
2006-05-19,8.394123
2006-05-18,8.221061
2006-05-17,8.491714
2006-05-16,8.45528
2006-05-15,8.820921
2006-05-12,8.80921
2006-05-11,8.867764
2006-05-10,9.186561
2006-05-09,9.242513
2006-05-08,9.354418
2006-05-05,9.354418
2006-05-04,9.255525
2006-05-03,9.256827
2006-05-02,9.319285
2006-05-01,9.05644
2006-04-28,9.159236
2006-04-27,9.025211
2006-04-26,8.867764
2006-04-25,8.610124
2006-04-24,8.555474
2006-04-21,8.723329
2006-04-20,8.800101
2006-04-19,8.542461
2006-04-18,8.61663
2006-04-17,8.433159
2006-04-13,8.64916
2006-04-12,8.680389
2006-04-11,8.846945
2006-04-10,8.935428
2006-04-07,9.081163
2006-04-06,9.269839
2006-04-05,8.745451
2006-04-04,7.959518
2006-04-03,8.152097
2006-03-31,8.161206
2006-03-30,8.16511
2006-03-29,8.110458
2006-03-28,7.63942
2006-03-27,7.743517
2006-03-24,7.802071
2006-03-23,7.828096
2006-03-22,8.024579
2006-03-21,8.042795
2006-03-20,8.32646
2006-03-17,8.413641
2006-03-16,8.368099
2006-03-15,8.617931
2006-03-14,8.759763
2006-03-13,8.546365
2006-03-10,8.222362
2006-03-09,8.318653
2006-03-08,8.543762
2006-03-07,8.628341
2006-03-06,8.52034
2006-03-03,8.811812
2006-03-02,9.057741
2006-03-01,8.991379
2006-02-28,8.912005
2006-02-27,9.237309
2006-02-24,9.298466
2006-02-23,9.336201
2006-02-22,9.280248
2006-02-21,8.988777
2006-02-17,9.146224
2006-02-16,9.182658
2006-02-15,9.006994
2006-02-14,8.801402
2006-02-13,8.420147
2006-02-10,8.758462
2006-02-09,8.451376
2006-02-08,8.953644
2006-02-07,8.796197
2006-02-06,8.757161
2006-02-03,9.349213
2006-02-02,9.381743
2006-02-01,9.813745
2006-01-31,9.825457
2006-01-30,9.759095
2006-01-27,9.372635
2006-01-26,9.411671
2006-01-25,9.654998
2006-01-24,9.894421
2006-01-23,10.106519
2006-01-20,9.900927
2006-01-19,10.284785
2006-01-18,10.733703
2006-01-17,11.022573
2006-01-13,11.137079
2006-01-12,10.967921
2006-01-11,10.917174
2006-01-10,10.521606
2006-01-09,9.895722
2006-01-06,9.928252
2006-01-05,9.67842
2006-01-04,9.755191
2006-01-03,9.726565
2005-12-30,9.354418
2005-12-29,9.297164
2005-12-28,9.573022
2005-12-27,9.658901
2005-12-23,9.544395
2005-12-22,9.631576
2005-12-21,9.563913
2005-12-20,9.383045
2005-12-19,9.288056
2005-12-16,9.252923
2005-12-15,9.392153
2005-12-14,9.370032
2005-12-13,9.756493
2005-12-12,9.747384
2005-12-09,9.671914
2005-12-08,9.639383
2005-12-07,9.622467
2005-12-06,9.63548
2005-12-05,9.345309
2005-12-02,9.450708
2005-12-01,9.316683
2005-11-30,8.824824
2005-11-29,8.861259
2005-11-28,9.064247
2005-11-25,9.022608
2005-11-23,8.732438
2005-11-22,8.655667
2005-11-21,8.452677
2005-11-18,8.400629
2005-11-17,8.395424
2005-11-16,8.451376
2005-11-15,8.103952
2005-11-14,7.995951
2005-11-11,8.007663
2005-11-10,7.960819
2005-11-09,7.821589
2005-11-08,7.794264
2005-11-07,7.837203
2005-11-04,7.956915
2005-11-03,8.048
2005-11-02,7.800769
2005-11-01,7.481973
2005-10-31,7.493684
2005-10-28,7.087705
2005-10-27,7.210019
2005-10-26,7.420815
2005-10-25,7.299803
2005-10-24,7.389586
2005-10-21,7.242549
2005-10-20,7.305008
2005-10-19,7.148862
2005-10-18,6.793631
2005-10-17,6.953681
2005-10-14,7.026548
2005-10-13,6.992717
2005-10-12,6.408472
2005-10-11,6.712956
2005-10-10,6.554208
2005-10-07,6.675221
2005-10-06,6.727269
2005-10-05,6.8678
2005-10-04,6.994018
2005-10-03,7.083802
2005-09-30,6.975801
2005-09-29,6.810547
2005-09-28,6.646594
2005-09-27,6.953681
2005-09-26,7.005729
2005-09-23,6.922451
2005-09-22,6.753294
2005-09-21,6.780619
2005-09-20,6.92115
2005-09-19,6.849583
2005-09-16,6.66351
2005-09-15,6.489147
2005-09-14,6.455316
2005-09-13,6.612763
2005-09-12,6.688233
2005-09-09,6.676522
2005-09-08,6.477437
2005-09-07,6.334303
2005-09-06,6.349918
2005-09-02,6.014205
2005-09-01,6.01941
2005-08-31,6.101386
2005-08-30,6.059747
2005-08-29,5.964759
2005-08-26,5.951747
2005-08-25,5.993385
2005-08-24,5.95565
2005-08-23,5.951747
2005-08-22,5.968662
2005-08-19,5.963458
2005-08-18,6.024615
2005-08-17,6.135218
2005-08-16,6.018109
2005-08-15,6.204182
2005-08-12,5.99859
2005-08-11,5.725336
2005-08-10,5.644661
2005-08-09,5.701914
2005-08-08,5.549672
2005-08-05,5.593913
2005-08-04,5.557479
2005-08-03,5.623841
2005-08-02,5.619938
2005-08-01,5.562684
2005-07-29,5.549672
2005-07-28,5.699312
2005-07-27,5.724034
2005-07-26,5.677191
2005-07-25,5.700613
2005-07-22,5.725336
2005-07-21,5.63295
2005-07-20,5.677191
2005-07-19,5.619938
2005-07-18,5.398731
2005-07-15,5.406539
2005-07-14,5.302442
2005-07-13,4.990151
2005-07-12,4.975837
2005-07-11,4.95762
2005-07-08,4.977139
2005-07-07,4.896463
2005-07-06,4.865234
2005-07-05,4.942006
2005-07-01,4.749426
2005-06-30,4.789764
2005-06-29,4.732511
2005-06-28,4.854824
2005-06-27,4.827499
2005-06-24,4.913379
2005-06-23,5.060416
2005-06-22,5.016175
2005-06-21,4.926391
2005-06-20,4.893861
2005-06-17,4.984946
2005-06-16,4.942006
2005-06-15,4.831402
2005-06-14,4.684365
2005-06-13,4.671353
2005-06-10,4.659642
2005-06-09,4.899066
2005-06-08,4.804077
2005-06-07,4.754631
2005-06-06,4.934198
2005-06-03,4.975837
2005-06-02,5.210055
2005-06-01,5.243887
2005-05-31,5.173621
2005-05-27,5.277719
2005-05-26,5.30114
2005-05-25,5.176224
2005-05-24,5.165814
2005-05-23,5.173621
2005-05-20,4.886054
2005-05-19,4.886054
2005-05-18,4.663546
2005-05-17,4.601088
2005-05-16,4.625811
2005-05-13,4.524317
2005-05-12,4.441039
2005-05-11,4.633618
2005-05-10,4.739016
2005-05-09,4.810583
2005-05-06,4.845716
2005-05-05,4.772848
2005-05-04,4.834005
2005-05-03,4.711691
2005-05-02,4.740318
2005-04-29,4.692173
2005-04-28,4.62451
2005-04-27,4.677859
2005-04-26,4.709089
2005-04-25,4.811884
2005-04-22,4.619305
2005-04-21,4.837909
2005-04-20,4.620606
2005-04-19,4.826198
2005-04-18,4.63492
2005-04-15,4.599787
2005-04-14,4.848319
2005-04-13,5.340177
2005-04-12,5.550973
2005-04-11,5.454684
2005-04-08,5.691504
2005-04-07,5.668082
2005-04-06,5.508033
2005-04-05,5.45078
2005-04-04,5.346683
2005-04-01,5.320659
2005-03-31,5.422153
2005-03-30,5.56919
2005-03-29,5.432563
2005-03-28,5.534057
2005-03-24,5.530154
2005-03-23,5.53666
2005-03-22,5.573094
2005-03-21,5.686299
2005-03-18,5.590009
2005-03-17,5.497623
2005-03-16,5.358394
2005-03-15,5.329767
2005-03-14,5.24649
2005-03-11,5.239983
2005-03-10,5.18273
2005-03-09,5.120272
2005-03-08,5.273815
2005-03-07,5.562684
2005-03-04,5.570491
2005-03-03,5.437767
2005-03-02,5.74095
2005-03-01,5.790396
2005-02-28,5.83724
2005-02-25,5.789746
2005-02-24,5.785842
2005-02-23,5.740299
2005-02-22,5.549022
2005-02-18,5.647913
2005-02-17,5.712974
2005-02-16,5.863915
2005-02-15,5.752011
2005-02-14,5.506081
2005-02-11,5.283574
2005-02-10,5.098151
2005-02-09,5.122874
2005-02-08,5.263405
2005-02-07,5.135886
2005-02-04,5.12938
2005-02-03,5.062368
2005-02-02,5.180778
2005-02-01,5.044151
2005-01-31,5.003162
2005-01-28,4.813185
2005-01-27,4.726004
2005-01-26,4.700631
2005-01-25,4.687619
2005-01-24,4.60369
2005-01-21,4.586124
2005-01-20,4.584172
2005-01-19,4.546437
2005-01-18,4.596534
2005-01-14,4.567256
2005-01-13,4.541232
2005-01-12,4.258869
2005-01-11,4.200315
2005-01-10,4.486581
2005-01-07,4.505449
2005-01-06,4.199664
2005-01-05,4.196411
2005-01-04,4.159977
2005-01-03,4.117687
2004-12-31,4.189905
2004-12-30,4.215929
2004-12-29,4.192507
2004-12-28,4.175591
2004-12-27,4.109229
2004-12-23,4.164531
2004-12-22,4.147615
2004-12-21,4.143712
2004-12-20,4.080603
2004-12-17,4.22829
2004-12-16,4.333038
2004-12-15,4.245857
2004-12-14,4.247809
2004-12-13,4.223085
2004-12-10,4.2387
2004-12-09,4.16323
2004-12-08,4.117037
2004-12-07,4.091663
2004-12-06,4.279688
2004-12-03,4.078
2004-12-02,4.242604
2004-12-01,4.41046
2004-11-30,4.362315
2004-11-29,4.45275
2004-11-26,4.199664
2004-11-24,4.167133
2004-11-23,3.986265
2004-11-22,3.99147
2004-11-19,3.589395
2004-11-18,3.603708
2004-11-17,3.571829
2004-11-16,3.574431
2004-11-15,3.593949
2004-11-12,3.610865
2004-11-11,3.597853
2004-11-10,3.56207
2004-11-09,3.516527
2004-11-08,3.537997
2004-11-05,3.560118
2004-11-04,3.542552
2004-11-03,3.598504
2004-11-02,3.480744
2004-11-01,3.41243
2004-10-29,3.409177
2004-10-28,3.395514
2004-10-27,3.27255
2004-10-26,3.120959
2004-10-25,3.093633
2004-10-22,3.084525
2004-10-21,3.119007
2004-10-20,3.088428
2004-10-19,3.085175
2004-10-18,3.106645
2004-10-15,2.960259
2004-10-14,2.926427
2004-10-13,2.58616
2004-10-12,2.491172
2004-10-11,2.51069
2004-10-08,2.541268
2004-10-07,2.577702
2004-10-06,2.644064
2004-10-05,2.561437
2004-10-04,2.523702
2004-10-01,2.515895
2004-09-30,2.521099
2004-09-29,2.516545
2004-09-28,2.474906
2004-09-27,2.441726
2004-09-24,2.426111
2004-09-23,2.42481
2004-09-22,2.402039
2004-09-21,2.472955
2004-09-20,2.453436
2004-09-17,2.416352
2004-09-16,2.364954
2004-09-15,2.290134
2004-09-14,2.309002
2004-09-13,2.315508
2004-09-10,2.333725
2004-09-09,2.322665
2004-09-08,2.364954
2004-09-07,2.326568
2004-09-03,2.292086
2004-09-02,2.320062
2004-09-01,2.333074
2004-08-31,2.243941
2004-08-30,2.219869
2004-08-27,2.234833
2004-08-26,2.255001
2004-08-25,2.150254
2004-08-24,2.078687
2004-08-23,2.022084
2004-08-20,2.003868
2004-08-19,1.998012
2004-08-18,2.065024
2004-08-17,2.008422
2004-08-16,2.002566
2004-08-13,2.00647
2004-08-12,1.975891
2004-08-11,2.01753
2004-08-10,2.050711
2004-08-09,1.971337
2004-08-06,1.937506
2004-08-05,2.042253
2004-08-04,2.068278
2004-08-03,2.035747
2004-08-02,2.054615
2004-07-30,2.104061
2004-07-29,2.123579
2004-07-28,2.099507
2004-07-27,2.109916
2004-07-26,2.033795
2004-07-23,1.997361
2004-07-22,2.061121
2004-07-21,2.057217
2004-07-20,2.094952
2004-07-19,2.079988
2004-07-16,2.094952
2004-07-15,2.142447
2004-07-14,1.924493
2004-07-13,1.901072
2004-07-12,1.895867
2004-07-09,1.953771
2004-07-08,1.960927
2004-07-07,1.977193
2004-07-06,2.013627
2004-07-02,2.022084
2004-07-01,2.101459
2004-06-30,2.117073
2004-06-29,2.114471
2004-06-28,2.11382
2004-06-25,2.192543
2004-06-24,2.158712
2004-06-23,2.192543
2004-06-22,2.147001
2004-06-21,2.10341
2004-06-18,2.141145
2004-06-17,2.134639
2004-06-16,2.130085
2004-06-15,1.996711
2004-06-14,1.959626
2004-06-10,1.999964
2004-06-09,1.964831
2004-06-08,1.97459
2004-06-07,1.939458
2004-06-04,1.872445
2004-06-03,1.847722
2004-06-02,1.881554
2004-06-01,1.825601
2004-05-28,1.825601
2004-05-27,1.832758
2004-05-26,1.854879
2004-05-25,1.848373
2004-05-24,1.778758
2004-05-21,1.763794
2004-05-20,1.73777
2004-05-19,1.722155
2004-05-18,1.760541
2004-05-17,1.733215
2004-05-14,1.760541
2004-05-13,1.768999
2004-05-12,1.776155
2004-05-11,1.765746
2004-05-10,1.709793
2004-05-07,1.735167
2004-05-06,1.729312
2004-05-05,1.733866
2004-05-04,1.700685
2004-05-03,1.696131
2004-04-30,1.677263
2004-04-29,1.741673
2004-04-28,1.720854
2004-04-27,1.752733
2004-04-26,1.765095
2004-04-23,1.80218
2004-04-22,1.807384
2004-04-21,1.804131
2004-04-20,1.804131
2004-04-19,1.844469
2004-04-16,1.898469
2004-04-15,1.906277
2004-04-14,1.733215
2004-04-13,1.752083
2004-04-12,1.8243
2004-04-08,1.791119
2004-04-07,1.776806
2004-04-06,1.810637
2004-04-05,1.842517
2004-04-02,1.789167
2004-04-01,1.763794
2004-03-31,1.759239
2004-03-30,1.816493
2004-03-29,1.815842
2004-03-26,1.759239
2004-03-25,1.748179
2004-03-24,1.659046
2004-03-23,1.645383
2004-03-22,1.682468
2004-03-19,1.682468
2004-03-18,1.670106
2004-03-17,1.703938
2004-03-16,1.679866
2004-03-15,1.720854
2004-03-12,1.793071
2004-03-11,1.766396
2004-03-10,1.800878
2004-03-09,1.763143
2004-03-08,1.691576
2004-03-05,1.739721
2004-03-04,1.636926
2004-03-03,1.55625
2004-03-02,1.549094
2004-03-01,1.562756
2004-02-27,1.55625
2004-02-26,1.498997
2004-02-25,1.484033
2004-02-24,1.454756
2004-02-23,1.443695
2004-02-20,1.457358
2004-02-19,1.461912
2004-02-18,1.51331
2004-02-17,1.506804
2004-02-13,1.496395
2004-02-12,1.543889
2004-02-11,1.548443
2004-02-10,1.495093
2004-02-09,1.474925
2004-02-06,1.477527
2004-02-05,1.458659
2004-02-04,1.417671
2004-02-03,1.44825
2004-02-02,1.452153
2004-01-30,1.467768
2004-01-29,1.475575
2004-01-28,1.465165
2004-01-27,1.500949
2004-01-26,1.497045
2004-01-23,1.467768
2004-01-22,1.443045
2004-01-21,1.471021
2004-01-20,1.478828
2004-01-16,1.478178
2004-01-15,1.486635
2004-01-14,1.574467
2004-01-13,1.569262
2004-01-12,1.543889
2004-01-09,1.496395
2004-01-08,1.519816
2004-01-07,1.46972
2004-01-06,1.437189
2004-01-05,1.442394
2004-01-02,1.38449
2003-12-31,1.390346
2003-12-30,1.38449
2003-12-29,1.376032
2003-12-26,1.35196
2003-12-24,1.327888
2003-12-23,1.288851
2003-12-22,1.291454
2003-12-19,1.281694
2003-12-18,1.303815
2003-12-17,1.293405
2003-12-16,1.30902
2003-12-15,1.312273
2003-12-12,1.359117
2003-12-11,1.379936
2003-12-10,1.325936
2003-12-09,1.33049
2003-12-08,1.369526
2003-12-05,1.356514
2003-12-04,1.376032
2003-12-03,1.368225
2003-12-02,1.401406
2003-12-01,1.412466
2003-11-28,1.360418
2003-11-26,1.348056
2003-11-25,1.345454
2003-11-24,1.376032
2003-11-21,1.31943
2003-11-20,1.325936
2003-11-19,1.328538
2003-11-18,1.327888
2003-11-17,1.374731
2003-11-14,1.396201
2003-11-13,1.458659
2003-11-12,1.452804
2003-11-11,1.401406
2003-11-10,1.424828
2003-11-07,1.463864
2003-11-06,1.504202
2003-11-05,1.498346
2003-11-04,1.490539
2003-11-03,1.506154
2003-10-31,1.489238
2003-10-30,1.50225
2003-10-29,1.541286
2003-10-28,1.543238
2003-10-27,1.47037
2003-10-24,1.47037
2003-10-23,1.495744
2003-10-22,1.48078
2003-10-21,1.508105
2003-10-20,1.510708
2003-10-17,1.480129
2003-10-16,1.51266
2003-10-15,1.614805
2003-10-14,1.597238
2003-10-13,1.584226
2003-10-10,1.540636
2003-10-09,1.525672
2003-10-08,1.500298
2003-10-07,1.510708
2003-10-06,1.450201
2003-10-03,1.411165
2003-10-02,1.338297
2003-10-01,1.352611
2003-09-30,1.348056
2003-09-29,1.385791
2003-09-26,1.346104
2003-09-25,1.329189
2003-09-24,1.387093
2003-09-23,1.45931
2003-09-22,1.436539
2003-09-19,1.469069
2003-09-18,1.488587
2003-09-17,1.439141
2003-09-16,1.454756
2003-09-15,1.444997
2003-09-12,1.502901
2003-09-11,1.467768
2003-09-10,1.443045
2003-09-09,1.455406
2003-09-08,1.479479
2003-09-05,1.463864
2003-09-04,1.485334
2003-09-03,1.493141
2003-09-02,1.486635
2003-08-29,1.471021
2003-08-28,1.443695
2003-08-27,1.397502
2003-08-26,1.369526
2003-08-25,1.357165
2003-08-22,1.358466
2003-08-21,1.410515
2003-08-20,1.366924
2003-08-19,1.322032
2003-08-18,1.323333
2003-08-15,1.282345
2003-08-14,1.299261
2003-08-13,1.312924
2003-08-12,1.281694
2003-08-11,1.279092
2003-08-08,1.277791
2003-08-07,1.296658
2003-08-06,1.27714
2003-08-05,1.325936
2003-08-04,1.379936
2003-08-01,1.348707
2003-07-31,1.371478
2003-07-30,1.31943
2003-07-29,1.348056
2003-07-28,1.365623
2003-07-25,1.401406
2003-07-24,1.334394
2003-07-23,1.352611
2003-07-22,1.353261
2003-07-21,1.3409
2003-07-18,1.357165
2003-07-17,1.359767
2003-07-16,1.292755
2003-07-15,1.275839
2003-07-14,1.294707
2003-07-11,1.291454
2003-07-10,1.273887
2003-07-09,1.294056
2003-07-08,1.327237
2003-07-07,1.292755
2003-07-03,1.24461
2003-07-02,1.253718
2003-07-01,1.242007
2003-06-30,1.240056
2003-06-27,1.218586
2003-06-26,1.25502
2003-06-25,1.242007
2003-06-24,1.221839
2003-06-23,1.240056
2003-06-20,1.249164
2003-06-19,1.245261
2003-06-18,1.243959
2003-06-17,1.183453
2003-06-16,1.188658
2003-06-13,1.133356
2003-06-12,1.156127
2003-06-11,1.135308
2003-06-10,1.117742
2003-06-09,1.092368
2003-06-06,1.11579
2003-06-05,1.14767
2003-06-04,1.145067
2003-06-03,1.1262
2003-06-02,1.135308
2003-05-30,1.167838
2003-05-29,1.177597
2003-05-28,1.189308
2003-05-27,1.228345
2003-05-23,1.191911
2003-05-22,1.186706
2003-05-21,1.161332
2003-05-20,1.157429
2003-05-19,1.177597
2003-05-16,1.22314
2003-05-15,1.218586
2003-05-14,1.206875
2003-05-13,1.214682
2003-05-12,1.207525
2003-05-09,1.19061
2003-05-08,1.171091
2003-05-07,1.14832
2003-05-06,1.138561
2003-05-05,1.046826
2003-05-02,0.940126
2003-05-01,0.934271
2003-04-30,0.925162
2003-04-29,0.914752
2003-04-28,0.90174
2003-04-25,0.868559
2003-04-24,0.874415
2003-04-23,0.883523
2003-04-22,0.878969
2003-04-21,0.854897
2003-04-17,0.853595
2003-04-16,0.861403
2003-04-15,0.871162
2003-04-14,0.883523
2003-04-11,0.8588
2003-04-10,0.934921
2003-04-09,0.92321
2003-04-08,0.940126
2003-04-07,0.942729
2003-04-04,0.937524
2003-04-03,0.940777
2003-04-02,0.949885
2003-04-01,0.921259
2003-03-31,0.919957
2003-03-28,0.947933
2003-03-27,0.942729
2003-03-26,0.937524
2003-03-25,0.946632
2003-03-24,0.934921
2003-03-21,0.975909
2003-03-20,0.970054
2003-03-19,0.972656
2003-03-18,0.975909
2003-03-17,0.97656
2003-03-14,0.961596
2003-03-13,0.957692
2003-03-12,0.925162
2003-03-11,0.925813
2003-03-10,0.934921
2003-03-07,0.945331
2003-03-06,0.947283
2003-03-05,0.951186
2003-03-04,0.947283
2003-03-03,0.953138
2003-02-28,0.97656
2003-02-27,0.966801
2003-02-26,0.943379
2003-02-25,0.977211
2003-02-24,0.958994
2003-02-21,0.975909
2003-02-20,0.960945
2003-02-19,0.96615
2003-02-18,0.993476
2003-02-14,0.95444
2003-02-13,0.945982
2003-02-12,0.936223
2003-02-11,0.93362
2003-02-10,0.93362
2003-02-07,0.920608
2003-02-06,0.938825
2003-02-05,0.940126
2003-02-04,0.949885
2003-02-03,0.953789
2003-01-31,0.934271
2003-01-30,0.931668
2003-01-29,0.971355
2003-01-28,0.948584
2003-01-27,0.919307
2003-01-24,0.897837
2003-01-23,0.921909
2003-01-22,0.903042
2003-01-21,0.91215
2003-01-17,0.917355
2003-01-16,0.951186
2003-01-15,0.938825
2003-01-14,0.950536
2003-01-13,0.951837
2003-01-10,0.957692
2003-01-09,0.95509
2003-01-08,0.946632
2003-01-07,0.96615
2003-01-06,0.969403
2003-01-03,0.969403
2003-01-02,0.962897
2002-12-31,0.932319
2002-12-30,0.915403
2002-12-27,0.914752
2002-12-26,0.936873
2002-12-24,0.934271
2002-12-23,0.942729
2002-12-20,0.919957
2002-12-19,0.923861
2002-12-18,0.947933
2002-12-17,0.981114
2002-12-16,0.96615
2002-12-13,0.962247
2002-12-12,0.988271
2002-12-11,1.007789
2002-12-10,0.994126
2002-12-09,0.959644
2002-12-06,0.972656
2002-12-05,0.951837
2002-12-04,0.973958
2002-12-03,0.986319
2002-12-02,0.98762
2002-11-29,1.00844
2002-11-27,1.022753
2002-11-26,1.002584
2002-11-25,1.039018
2002-11-22,1.041621
2002-11-21,1.063741
2002-11-20,1.010392
2002-11-19,0.993476
2002-11-18,1.018199
2002-11-15,1.037717
2002-11-14,1.060488
2002-11-13,1.014295
2002-11-12,1.017548
2002-11-11,0.986319
2002-11-08,1.03056
2002-11-07,1.04097
2002-11-06,1.120344
2002-11-05,1.099525
2002-11-04,1.098874
2002-11-01,1.064392
2002-10-31,1.045524
2002-10-30,1.039669
2002-10-29,1.004536
2002-10-28,1.015596
2002-10-25,1.003235
2002-10-24,0.955741
2002-10-23,0.968102
2002-10-22,0.956391
2002-10-21,0.947283
2002-10-18,0.932969
2002-10-17,0.918005
2002-10-16,0.947283
2002-10-15,0.986319
2002-10-14,0.960945
2002-10-11,0.94403
2002-10-10,0.918005
2002-10-09,0.884174
2002-10-08,0.890029
2002-10-07,0.895885
2002-10-04,0.912801
2002-10-03,0.930367
2002-10-02,0.921909
2002-10-01,0.94403
2002-09-30,0.943379
2002-09-27,0.957692
2002-09-26,0.956391
2002-09-25,0.971355
2002-09-24,0.952488
2002-09-23,0.96615
2002-09-20,0.967452
2002-09-19,0.948584
2002-09-18,0.977211
2002-09-17,0.962897
2002-09-16,0.943379
2002-09-13,0.921909
2002-09-12,0.919957
2002-09-11,0.929716
2002-09-10,0.932319
2002-09-09,0.934921
2002-09-06,0.935572
2002-09-05,0.92256
2002-09-04,0.942078
2002-09-03,0.914102
2002-08-30,0.959644
2002-08-29,0.956391
2002-08-28,0.956391
2002-08-27,0.96615
2002-08-26,1.010392
2002-08-23,1.023404
2002-08-22,1.039018
2002-08-21,1.048777
2002-08-20,1.035115
2002-08-19,1.039669
2002-08-16,1.028609
2002-08-15,1.015596
2002-08-14,0.98697
2002-08-13,0.949235
2002-08-12,0.975259
2002-08-09,0.975909
2002-08-08,0.995428
2002-08-07,0.977861
2002-08-06,0.958994
2002-08-05,0.910198
2002-08-02,0.940126
2002-08-01,0.962897
2002-07-31,0.992825
2002-07-30,1.003886
2002-07-29,0.977211
2002-07-26,0.932969
2002-07-25,0.934271
2002-07-24,0.988922
2002-07-23,0.941427
2002-07-22,0.970705
2002-07-19,0.973307
2002-07-18,0.975259
2002-07-17,1.016898
2002-07-16,1.161983
2002-07-15,1.186055
2002-07-12,1.139212
2002-07-11,1.19061
2002-07-10,1.12685
2002-07-09,1.140513
2002-07-08,1.171742
2002-07-05,1.219236
2002-07-03,1.141814
2002-07-02,1.102127
2002-07-01,1.109934
2002-06-28,1.152874
2002-06-27,1.109934
2002-06-26,1.076753
2002-06-25,1.115139
2002-06-24,1.123597
2002-06-21,1.096272
2002-06-20,1.113187
2002-06-19,1.113838
2002-06-18,1.310972
2002-06-17,1.336345
2002-06-14,1.307719
2002-06-13,1.271285
2002-06-12,1.307068
2002-06-11,1.33114
2002-06-10,1.397502
2002-06-07,1.392298
2002-06-06,1.441744
2002-06-05,1.478178
2002-06-04,1.482081
2002-06-03,1.490539
2002-05-31,1.515913
2002-05-30,1.574467
2002-05-29,1.560154
2002-05-28,1.560154
2002-05-24,1.571214
2002-05-23,1.638227
2002-05-22,1.582275
2002-05-21,1.526322
2002-05-20,1.6096
2002-05-17,1.627166
2002-05-16,1.640179
2002-05-15,1.644733
2002-05-14,1.666203
2002-05-13,1.557552
2002-05-10,1.517214
2002-05-09,1.573817
2002-05-08,1.585528
2002-05-07,1.461912
2002-05-06,1.473623
2002-05-03,1.529576
2002-05-02,1.541286
2002-05-01,1.560154
2002-04-30,1.579022
2002-04-29,1.558853
2002-04-26,1.497045
2002-04-25,1.569262
2002-04-24,1.546491
2002-04-23,1.57772
2002-04-22,1.595937
2002-04-19,1.625215
2002-04-18,1.653191
2002-04-17,1.698733
2002-04-16,1.674661
2002-04-15,1.626516
2002-04-12,1.630419
2002-04-11,1.617407
2002-04-10,1.604395
2002-04-09,1.567961
2002-04-08,1.597889
2002-04-05,1.6096
2002-04-04,1.62001
2002-04-03,1.54519
2002-04-02,1.566009
2002-04-01,1.591383
2002-03-28,1.539985
2002-03-27,1.526973
2002-03-26,1.526322
2002-03-25,1.519166
2002-03-22,1.567311
2002-03-21,1.579022
2002-03-20,1.621311
2002-03-19,1.616757
2002-03-18,1.6096
2002-03-15,1.623263
2002-03-14,1.589431
2002-03-13,1.593335
2002-03-12,1.608299
2002-03-11,1.630419
2002-03-08,1.604395
2002-03-07,1.586178
2002-03-06,1.566009
2002-03-05,1.530877
2002-03-04,1.580323
2002-03-01,1.525672
2002-02-28,1.411816
2002-02-27,1.428732
2002-02-26,1.539985
2002-02-25,1.549094
2002-02-22,1.479479
2002-02-21,1.398804
2002-02-20,1.504852
2002-02-19,1.471672
2002-02-15,1.554949
2002-02-14,1.600492
2002-02-13,1.627166
2002-02-12,1.607648
2002-02-11,1.625215
2002-02-08,1.563407
2002-02-07,1.580973
2002-02-06,1.605046
2002-02-05,1.655793
2002-02-04,1.649287
2002-02-01,1.58813
2002-01-31,1.608299
2002-01-30,1.567311
2002-01-29,1.500949
2002-01-28,1.513961
2002-01-25,1.51266
2002-01-24,1.510057
2002-01-23,1.497696
2002-01-22,1.419623
2002-01-18,1.442394
2002-01-17,1.462563
2002-01-16,1.35196
2002-01-15,1.411816
2002-01-14,1.376032
2002-01-11,1.369526
2002-01-10,1.381237
2002-01-09,1.408563
2002-01-08,1.471021
2002-01-07,1.489888
2002-01-04,1.541286
2002-01-03,1.53413
2002-01-02,1.515913
2001-12-31,1.424828
2001-12-28,1.45931
2001-12-27,1.435888
2001-12-26,1.398153
2001-12-24,1.389695
2001-12-21,1.366273
2001-12-20,1.344803
2001-12-19,1.406611
2001-12-18,1.366924
2001-12-17,1.34155
2001-12-14,1.326586
2001-12-13,1.366273
2001-12-12,1.398153
2001-12-11,1.417021
2001-12-10,1.466467
2001-12-07,1.466467
2001-12-06,1.482081
2001-12-05,1.545841
2001-12-04,1.457358
2001-12-03,1.369526
2001-11-30,1.385791
2001-11-29,1.328538
2001-11-28,1.335695
2001-11-27,1.366273
2001-11-26,1.390346
2001-11-23,1.290803
2001-11-21,1.280393
2001-11-20,1.270634
2001-11-19,1.301213
2001-11-16,1.2342
2001-11-15,1.265429
2001-11-14,1.275839
2001-11-13,1.260224
2001-11-12,1.219887
2001-11-09,1.217284
2001-11-08,1.217284
2001-11-07,1.274538
2001-11-06,1.273237
2001-11-05,1.240706
2001-11-02,1.208176
2001-11-01,1.209477
2001-10-31,1.142465
2001-10-30,1.145067
2001-10-29,1.147019
2001-10-26,1.214682
2001-10-25,1.248514
2001-10-24,1.232899
2001-10-23,1.1802
2001-10-22,1.237453
2001-10-19,1.19061
2001-10-18,1.171091
2001-10-17,1.10538
2001-10-16,1.171742
2001-10-15,1.170441
2001-10-12,1.171742
2001-10-11,1.154176
2001-10-10,1.09432
2001-10-09,1.04097
2001-10-08,1.053982
2001-10-05,1.050079
2001-10-04,1.033163
2001-10-03,0.974608
2001-10-02,0.979163
2001-10-01,1.011042
2001-09-28,1.00909
2001-09-27,1.00909
2001-09-26,0.985669
2001-09-25,1.011042
2001-09-24,1.070247
2001-09-21,1.023404
2001-09-20,1.020151
2001-09-19,1.107332
2001-09-18,1.059187
2001-09-17,1.10538
2001-09-10,1.130103
2001-09-07,1.124248
2001-09-06,1.152874
2001-09-05,1.206875
2001-09-04,1.187357
2001-08-31,1.206875
2001-08-30,1.160031
2001-08-29,1.160031
2001-08-28,1.197116
2001-08-27,1.230947
2001-08-24,1.208176
2001-08-23,1.15873
2001-08-22,1.184754
2001-08-21,1.165887
2001-08-20,1.178899
2001-08-17,1.175646
2001-08-16,1.213381
2001-08-15,1.199718
2001-08-14,1.218586
2001-08-13,1.242007
2001-08-10,1.237453
2001-08-09,1.239405
2001-08-08,1.229646
2001-08-07,1.252417
2001-08-06,1.24461
2001-08-03,1.268682
2001-08-02,1.289502
2001-08-01,1.240056
2001-07-31,1.222489
2001-07-30,1.231598
2001-07-27,1.23355
2001-07-26,1.209477
2001-07-25,1.20167
2001-07-24,1.242007
2001-07-23,1.271285
2001-07-20,1.299911
2001-07-19,1.29861
2001-07-18,1.352611
2001-07-17,1.633022
2001-07-16,1.558853
2001-07-13,1.616757
2001-07-12,1.584877
2001-07-11,1.466467
2001-07-10,1.375382
2001-07-09,1.476876
2001-07-06,1.433286
2001-07-05,1.508756
2001-07-03,1.551045
2001-07-02,1.554949
2001-06-29,1.51266
2001-06-28,1.531527
2001-06-27,1.518515
2001-06-26,1.54519
2001-06-25,1.560805
2001-06-22,1.44825
2001-06-21,1.463214
2001-06-20,1.409864
2001-06-19,1.313574
2001-06-18,1.322683
2001-06-15,1.329839
2001-06-14,1.293405
2001-06-13,1.331791
2001-06-12,1.321381
2001-06-11,1.303815
2001-06-08,1.387093
2001-06-07,1.409213
2001-06-06,1.348707
2001-06-05,1.36237
2001-06-04,1.344153
2001-06-01,1.359117
2001-05-31,1.29796
2001-05-30,1.286899
2001-05-29,1.396852
2001-05-25,1.48078
2001-05-24,1.509407
2001-05-23,1.511358
2001-05-22,1.528925
2001-05-21,1.532829
2001-05-18,1.530877
2001-05-17,1.532178
2001-05-16,1.567961
2001-05-15,1.508105
2001-05-14,1.515262
2001-05-11,1.486635
2001-05-10,1.496395
2001-05-09,1.560154
2001-05-08,1.59854
2001-05-07,1.623913
2001-05-04,1.675311
2001-05-03,1.623913
2001-05-02,1.729962
2001-05-01,1.687022
2001-04-30,1.658395
2001-04-27,1.704589
2001-04-26,1.606347
2001-04-25,1.608299
2001-04-24,1.563407
2001-04-23,1.57772
2001-04-20,1.629118
2001-04-19,1.673359
2001-04-18,1.482732
2001-04-17,1.327237
2001-04-16,1.3949
2001-04-12,1.458659
2001-04-11,1.418322
2001-04-10,1.433936
2001-04-09,1.336345
2001-04-06,1.339598
2001-04-05,1.357815
2001-04-04,1.268682
2001-04-03,1.316827
2001-04-02,1.404659
2001-03-30,1.435888
2001-03-29,1.465816
2001-03-28,1.442394
2001-03-27,1.487937
2001-03-26,1.417021
2001-03-23,1.496395
2001-03-22,1.406936
2001-03-21,1.309345
2001-03-20,1.280881
2001-03-19,1.337809
2001-03-16,1.276815
2001-03-15,1.280881
2001-03-14,1.329677
2001-03-13,1.272749
2001-03-12,1.211754
2001-03-09,1.317478
2001-03-08,1.354074
2001-03-07,1.382538
2001-03-06,1.398804
2001-03-05,1.32561
2001-03-02,1.252417
2001-03-01,1.219887
2001-02-28,1.187357
2001-02-27,1.26055
2001-02-26,1.268682
2001-02-23,1.223953
2001-02-22,1.223953
2001-02-21,1.228019
2001-02-20,1.191423
2001-02-16,1.236152
2001-02-15,1.305279
2001-02-14,1.268682
2001-02-13,1.244285
2001-02-12,1.280881
2001-02-09,1.244285
2001-02-08,1.350008
2001-02-07,1.350008
2001-02-06,1.374406
2001-02-05,1.313412
2001-02-02,1.341876
2001-02-01,1.374406
2001-01-31,1.406936
2001-01-30,1.415069
2001-01-29,1.411003
2001-01-26,1.272749
2001-01-25,1.297146
2001-01-24,1.333743
2001-01-23,1.333743
2001-01-22,1.252417
2001-01-19,1.268682
2001-01-18,1.215821
2001-01-17,1.093832
2001-01-16,1.114163
2001-01-12,1.11823
2001-01-11,1.171091
2001-01-10,1.077567
2001-01-09,1.11823
2001-01-08,1.077567
2001-01-05,1.065368
2001-01-04,1.110097
2001-01-03,1.065368
2001-01-02,0.967777
2000-12-29,0.967777
2000-12-28,0.963711
2000-12-27,0.963711
2000-12-26,0.955578
2000-12-22,0.975909
2000-12-21,0.914915
2000-12-20,0.935247
2000-12-19,0.910849
2000-12-18,0.927114
2000-12-15,0.914915
2000-12-14,0.939313
2000-12-13,0.975909
2000-12-12,1.000307
2000-12-11,0.988108
2000-12-08,0.979976
2000-12-07,0.93118
2000-12-06,0.93118
2000-12-05,1.106031
2000-12-04,1.085699
2000-12-01,1.110097
